Matrix	CellBarcode	Count
K81312	TCTGGA	2
K81312	CTTTCA	4
K81312	TTACTG	2
K81312	CGGTAT	5
K81312	TCATGT	2
K81312	CGCTGA	1
K81312	GTCTGG	2
K81313	TGTTAT	1
K81313	TAGAGT	1
K81313	AACTTG	2
K81313	CCAGGT	1
K81313	CGCAGG	3
K81314	CTGTTG	6
K81314	TCAACC	1
K81314	ATGCCT	4
K81314	GTTGAC	6
K81314	GGGGGG	1
K81314	CCCGTT	2
K81321	GCATTT	1
K81321	GAACGA	2
K81321	TTTTTC	1
K81321	GCGTTT	3
K81321	CTCCAG	1
K81321	CCCGGC	1
K81321	ACGGGA	1
K81321	ACTTGT	4
K81321	CCGGGG	1
K81322	GCCTCC	2
K81322	TGGCAG	1
K81322	TAAGGC	3
K81322	AGCCTC	1
K81322	TGTGTG	2
K81322	GGGCAT	1
K81322	ATTGTA	1
K81322	GATACA	1
K81323	ATTCGG	1
K81323	TTAGTT	1
K81323	TAAGGA	1
K81324	GCCTCC	1
K81324	TGAACT	2
K81324	GCCTGC	2
K81324	CGTGAG	4
K81324	TAAGCA	2
K81324	AGCCAA	3
K81431	GCAAAG	1
K81431	AGCTGG	7
K81431	AGAGGC	3
K81431	ACTGGT	1
K81432	CGTCCG	1
K81432	AGATAA	1
K81432	GCTCTA	2
K81432	CGACGT	1
K81432	GTACAG	1
K81432	TCTTGT	1
K81432	GTACTC	1
K81432	GGTAAG	3
K81432	AAAACA	4
K81432	AGGGCC	3
K81432	GCGGAT	1
K81432	GTTCAA	1
K81432	GAGCGG	2
K81432	CACAAA	2
K81432	TCGTGT	3
K81432	GAACCC	2
K81433	GGCAGA	1
K81433	AGCTCT	1
K81433	ATAACC	2
K81433	ATTGTG	2
K81433	CGACAA	1
K81433	CTGAAT	2
K81433	GGTCGT	1
K81433	TGAGTG	1
K81433	TGGCCC	1
K81433	AAACGC	1
K81433	CAGTTG	1
K81433	ACCGGC	3
K81434	TGTACT	2
K81434	CCTGAT	3
K81434	TAAAGT	1
K81434	AGGGTG	1
K81434	CATTGT	4
K81434	TCCGCT	4
K81434	CTCACT	2
K81434	GGGTTT	3
K81434	CACGCG	6
K81331	TTCGCC	5
K81331	TGTTGG	1
K81331	GTTACT	1
K81331	GTGTGG	7
K81331	ATTGAT	2
K81331	CGACCG	2
K81331	CCCTGT	1
K81332	ATAACC	1
K81332	GTGATT	8
K81332	GTAGTG	3
K81332	CTTTCG	1
K81332	CTTAAC	1
K81332	AATGGT	7
K81332	TATATG	4
K81333	GCAGGT	3
K81333	ACCACA	1
K81333	GGGGCT	1
K81333	CGTAGT	1
K81333	ACGGCG	1
K81334	NTTTGA	1
K81334	TTTTGA	5
K81334	TGGAAT	2
K81334	ACCTGT	3
K81334	ACTCAA	1
K81334	GTTGCA	1
K81421	GTGATT	1
K81421	TCTTGG	5
K81421	GTGTTT	1
K81421	AGTGCG	1
K81421	ACGGCG	8
K81421	CCGGAA	2
K81422	ATTTGT	2
K81422	TATCAG	1
K81422	CACCTG	1
K81422	AAGGGC	1
K81422	TTTATC	1
K81422	TAAGAT	3
K81423	ATGAAC	9
K81423	GTCGGT	3
K81423	GTTATT	5
K81424	TGGGTT	2
K81424	GCATAA	6
K81424	ACAAGA	2
K81424	NCCATT	1
K81424	TTCGCA	2
K81424	TGGACT	1
K81424	GGCGGC	2
K81424	TCCATT	1
K81424	CATCCG	1
K81424	GGGTGG	2
K81424	TGCTCT	1
K81424	GCGGGA	1
K81424	TGGAAA	5
K81342	CACGCA	2
K81342	GGTGTT	2
K81343	GGTGGC	9
K81411	GACGCG	7
K81411	GGATGG	2
K81411	GGATGT	12
K81411	CAAGTT	1
K81411	GCTTCT	6
K81411	AGTTTT	1
K81412	GGCTAC	2
K81412	GGACTA	3
K81412	TAATTG	1
K81412	ATGATC	3
K81412	TTGGGG	7
K81413	GGACTT	2
K81413	GTTCGT	4
K81441	TTCAGA	4
K81441	TGACCA	2
K81441	TCTCGA	1
K81441	CGGGTA	4
K81441	CGCCTT	2
K81441	GTTTTA	1
K81441	ACGGCT	3
K81442	GGCTCA	1
K81442	TAGATT	3
K81442	CGAGTA	1
K81442	GTAGGT	1
K81442	CGGCGG	2
K81442	TCTGGG	4
K81442	ACAGCT	5
K81442	GTGGAA	1
K81443	AGAATA	2
K81443	GTCTTC	1
K81443	TTTTTT	2
K81443	GTGGGG	1
K81443	CTCATC	1
K81443	ATACCA	2
K81443	TAACAA	2
K81443	GCGATT	2
K81444	GGTTTT	1
K81444	CCTGGG	3
K81444	GTGGGG	4
K81444	TGTTTT	1
K81444	CGGGCG	3
K81444	TGCTCT	1
