library	barcode	isoform	exonnum	ntrans
C81711	ACAGGA	Dot1l-201	28	1
C81711	ACTTCG	Dot1l-201	28	1
C81711	AGAACG	Dot1l-201	28	1
C81711	AGCTCA	Dot1l-201	28	1
C81711	AGCTTC	Dot1l-201	28	1
C81711	AGTGCA	Dot1l-201	28	2
C81711	ATCACG	Dot1l-201	28	1
C81711	CCATAG	Dot1l-201	28	1
C81711	CTAAGC	Dot1l-201	28	1
C81711	CTAGGA	Dot1l-201	28	1
C81711	CTCATG	Dot1l-201	28	1
C81711	CTTCGA	Dot1l-201	28	1
C81711	GAAGAC	Dot1l-201	28	1
C81711	GAATCC	Dot1l-201	28	1
C81711	GACAGA	Dot1l-201	28	1
C81711	GCAACA	Dot1l-201	28	1
C81711	GGCTTA	Dot1l-201	28	1
C81711	GTACTC	Dot1l-201	28	3
C81711	TCACAG	Dot1l-201	28	1
C81711	TGAGGA	Dot1l-201	28	2
C81711	TGTCTG	Dot1l-201	28	1
C81711	TGTTGG	Dot1l-201	28	1
C81711	TTCCAG	Dot1l-201	28	1
C81712	AACACC	Dot1l-201	28	1
C81712	AGAACG	Dot1l-201	28	1
C81712	AGCGAA	Dot1l-201	28	1
C81712	AGTACC	Dot1l-201	28	1
C81712	ATCAGC	Dot1l-201	28	1
C81712	ATCCAC	Dot1l-201	28	3
C81712	ATCGTG	Dot1l-201	28	1
C81712	ATCTCC	Dot1l-201	28	1
C81712	ATGACC	Dot1l-201	4	1
C81712	ATGAGG	Dot1l-201	28	1
C81712	ATGGAC	Dot1l-201	28	2
C81712	ATGGAC	Dot1l-203	2	1
C81712	CAATGC	Dot1l-201	28	3
C81712	CCAATC	Dot1l-201	28	1
C81712	CCATCA	Dot1l-201	28	1
C81712	CCGATA	Dot1l-201	28	1
C81712	CCGTAA	Dot1l-201	28	2
C81712	CCTACA	Dot1l-201	28	1
C81712	CCTTGA	Dot1l-201	28	2
C81712	CGGTTA	Dot1l-201	28	1
C81712	CGTTCA	Dot1l-201	28	1
C81712	GAGGTA	Dot1l-201	28	2
C81712	GCATTC	Dot1l-201	28	1
C81712	GCTCTA	Dot1l-201	28	1
C81712	GGATCA	Dot1l-201	28	1
C81712	GGTGTA	Dot1l-201	28	2
C81712	TACCAC	Dot1l-201	28	1
C81712	TAGCTC	Dot1l-201	28	1
C81712	TATCGC	Dot1l-201	28	1
C81712	TTGCTG	Dot1l-201	28	2
C81712	TTGGAG	Dot1l-201	28	1
C81713	AACCTC	Dot1l-201	28	1
C81713	ACAGTG	Dot1l-201	28	1
C81713	ACTCAC	Dot1l-201	28	1
C81713	AGCTTC	Dot1l-201	28	1
C81713	AGGAAG	Dot1l-201	28	2
C81713	AGTGCA	Dot1l-201	28	1
C81713	ATCACG	Dot1l-201	28	1
C81713	ATGTCG	Dot1l-201	28	2
C81713	CACTCA	Dot1l-201	28	1
C81713	CAGAAG	Dot1l-201	28	1
C81713	CCATAG	Dot1l-201	28	1
C81713	CGATGA	Dot1l-201	28	1
C81713	CGATTG	Dot1l-201	28	1
C81713	CTAGAC	Dot1l-201	28	1
C81713	CTTCGA	Dot1l-201	28	2
C81713	GAATCC	Dot1l-201	28	1
C81713	GACAAC	Dot1l-201	28	2
C81713	GAGTTG	Dot1l-201	28	1
C81713	TAGTGG	Dot1l-201	28	1
C81713	TAGTGG	Dot1l-203	2	1
C81713	TCATCC	Dot1l-201	28	1
C81713	TGAAGG	Dot1l-201	28	1
C81713	TGCAAC	Dot1l-201	28	1
C81713	TGCAGA	Dot1l-201	28	2
C81714	AACTGG	Dot1l-201	28	1
C81714	ACATGG	Dot1l-201	28	2
C81714	ATCAGC	Dot1l-201	28	1
C81714	ATCCAC	Dot1l-201	28	1
C81714	ATCGCA	Dot1l-201	28	1
C81714	ATGCAG	Dot1l-201	28	1
C81714	CAGGAA	Dot1l-201	28	1
C81714	CATTGG	Dot1l-201	28	2
C81714	CCAGTA	Dot1l-201	28	1
C81714	CCGATA	Dot1l-201	28	1
C81714	CCTATG	Dot1l-201	28	3
C81714	CGTTAC	Dot1l-201	28	1
C81714	GCAGAA	Dot1l-201	28	2
C81714	GCCATA	Dot1l-201	28	1
C81714	GCTAAG	Dot1l-201	28	2
C81714	GCTTAC	Dot1l-201	28	3
C81714	GGTTAG	Dot1l-201	28	1
C81714	GTAACC	Dot1l-201	28	1
C81714	TTACGC	Dot1l-201	28	1
C81714	TTGCAC	Dot1l-201	28	1
C81714	TTGGTC	Dot1l-201	28	1
C81721	ACAGTG	Dot1l-201	28	2
C81721	ACTCAC	Dot1l-201	28	1
C81721	AGACCA	Dot1l-201	28	2
C81721	AGCTAG	Dot1l-201	28	3
C81721	AGCTTC	Dot1l-201	28	1
C81721	AGGATC	Dot1l-201	28	3
C81721	ATCACG	Dot1l-201	28	1
C81721	CACCAA	Dot1l-201	28	1
C81721	CAGAAG	Dot1l-201	28	1
C81721	CATGCA	Dot1l-201	28	1
C81721	CGATGA	Dot1l-201	28	1
C81721	CTATCC	Dot1l-201	28	1
C81721	CTCAGA	Dot1l-201	28	1
C81721	GAAGAC	Dot1l-201	28	1
C81721	GAAGGA	Dot1l-201	28	1
C81721	GACAAC	Dot1l-201	28	1
C81721	GAGTGA	Dot1l-201	28	1
C81721	GATCTG	Dot1l-201	28	2
C81721	GTACCA	Dot1l-201	28	1
C81721	GTGGAA	Dot1l-201	28	1
C81721	TCATCC	Dot1l-201	28	1
C81721	TGAACC	Dot1l-201	28	1
C81721	TGAAGG	Dot1l-201	28	1
C81721	TGAGGA	Dot1l-201	28	1
C81721	TTGCGA	Dot1l-201	28	1
C81721	TTGTGC	Dot1l-201	28	1
C81722	AAGGTG	Dot1l-201	28	1
C81722	AAGTGC	Dot1l-201	28	3
C81722	AGACTC	Dot1l-201	28	1
C81722	AGATGC	Dot1l-201	28	1
C81722	ATACGG	Dot1l-201	28	2
C81722	CATTGG	Dot1l-201	28	1
C81722	CCTTGA	Dot1l-201	28	2
C81722	CGCTAA	Dot1l-201	28	1
C81722	CGTAAG	Dot1l-201	28	1
C81722	CGTTAC	Dot1l-201	28	1
C81722	CGTTCA	Dot1l-201	28	2
C81722	GATTGC	Dot1l-201	28	1
C81722	GCAATG	Dot1l-201	28	1
C81722	GCAGAA	Dot1l-201	28	1
C81722	GGAATC	Dot1l-201	28	1
C81722	GGATAC	Dot1l-201	28	3
C81722	GGTATG	Dot1l-201	28	1
C81722	GTAACC	Dot1l-201	28	1
C81722	GTATCG	Dot1l-201	28	1
C81722	GTTAGG	Dot1l-201	28	2
C81722	TCAACG	Dot1l-201	28	2
C81722	TGATCG	Dot1l-201	28	1
C81722	TTACGC	Dot1l-201	28	1
C81723	AACGAG	Dot1l-201	28	2
C81723	AAGCCA	Dot1l-201	28	1
C81723	ACAAGC	Dot1l-201	28	1
C81723	AGCTTC	Dot1l-201	28	1
C81723	AGTGCA	Dot1l-201	28	1
C81723	ATCACG	Dot1l-201	28	1
C81723	CATGTC	Dot1l-201	28	1
C81723	CCACAA	Dot1l-201	28	1
C81723	CCATAG	Dot1l-201	28	1
C81723	CTAAGC	Dot1l-201	28	1
C81723	CTGTTG	Dot1l-201	28	1
C81723	GACAAC	Dot1l-201	28	1
C81723	GAGTGA	Dot1l-201	28	1
C81723	GATCGA	Dot1l-201	28	3
C81723	GGATCA	Dot1l-201	28	1
C81723	GGTATG	Dot1l-201	28	1
C81723	GTGGAA	Dot1l-201	28	1
C81723	TCCGAA	Dot1l-201	28	1
C81723	TGTCTG	Dot1l-201	28	1
C81723	TTCACC	Dot1l-201	28	1
C81723	TTGTGC	Dot1l-201	28	1
C81724	AGCTTC	Dot1l-201	28	1
C81724	ATACGG	Dot1l-201	28	2
C81724	ATCAGC	Dot1l-201	28	1
C81724	ATCGCA	Dot1l-201	28	1
C81724	ATCTCC	Dot1l-201	28	1
C81724	ATGCTC	Dot1l-201	28	1
C81724	ATTCGC	Dot1l-201	28	2
C81724	CAATGC	Dot1l-201	28	1
C81724	CCAGTA	Dot1l-201	28	2
C81724	CGAACA	Dot1l-201	28	1
C81724	CGGTTA	Dot1l-201	28	1
C81724	CGTAAG	Dot1l-201	28	1
C81724	CTGCTA	Dot1l-201	28	1
C81724	GATTGC	Dot1l-201	28	2
C81724	GCAGAA	Dot1l-201	28	1
C81724	GCATTC	Dot1l-201	28	2
C81724	GGTTAG	Dot1l-201	28	4
C81724	GTAACC	Dot1l-201	28	2
C81724	TACGCA	Dot1l-201	28	1
C81724	TAGCTC	Dot1l-201	28	1
C81724	TGATCG	Dot1l-201	28	1
C81724	TTACGC	Dot1l-201	28	1
C81724	TTCGAC	Dot1l-201	28	1
C81724	TTGCAC	Dot1l-201	28	1
C81731	ACAAGC	Dot1l-201	28	2
C81731	ACAGGA	Dot1l-201	28	2
C81731	ACAGTG	Dot1l-201	28	1
C81731	AGACAG	Dot1l-201	28	1
C81731	AGCTAG	Dot1l-201	28	1
C81731	AGCTCA	Dot1l-201	28	1
C81731	AGCTTC	Dot1l-201	28	1
C81731	AGGACA	Dot1l-201	28	1
C81731	AGGATC	Dot1l-201	28	1
C81731	ATCGTG	Dot1l-201	28	1
C81731	CGATTG	Dot1l-201	28	1
C81731	CGTCTA	Dot1l-201	28	1
C81731	CTAAGC	Dot1l-201	28	1
C81731	CTATCC	Dot1l-201	28	1
C81731	CTGTTG	Dot1l-201	28	2
C81731	GAATCC	Dot1l-201	28	1
C81731	GAATGG	Dot1l-201	28	1
C81731	GACGAA	Dot1l-201	28	1
C81731	GAGTTG	Dot1l-201	28	2
C81731	GATCTG	Dot1l-201	28	1
C81731	GTACAG	Dot1l-201	28	2
C81731	GTCTCA	Dot1l-201	28	1
C81731	GTTAGG	Dot1l-201	28	1
C81731	GTTGAG	Dot1l-201	28	1
C81731	TCACAG	Dot1l-201	28	3
C81731	TCTTGC	Dot1l-201	28	1
C81731	TGAACC	Dot1l-201	28	1
C81731	TGTCGA	Dot1l-201	28	1
C81731	TTCTCG	Dot1l-201	28	1
C81731	TTGTGC	Dot1l-201	28	2
C81732	ACGGTA	Dot1l-201	28	2
C81732	AGAACG	Dot1l-201	28	2
C81732	AGGCTA	Dot1l-201	28	1
C81732	ATCTCC	Dot1l-201	28	1
C81732	ATGACC	Dot1l-201	28	1
C81732	ATGAGG	Dot1l-201	28	1
C81732	CACGTA	Dot1l-201	28	2
C81732	CAGGAA	Dot1l-201	28	1
C81732	CATTGG	Dot1l-201	28	2
C81732	CCAATC	Dot1l-201	28	2
C81732	CCGATA	Dot1l-201	28	1
C81732	CCTACA	Dot1l-201	28	1
C81732	CCTATG	Dot1l-201	28	1
C81732	CCTTGA	Dot1l-201	28	1
C81732	CGGTTA	Dot1l-201	28	2
C81732	CGTAAG	Dot1l-201	28	1
C81732	CGTTAC	Dot1l-201	28	1
C81732	CTAACG	Dot1l-201	28	1
C81732	GAGCAA	Dot1l-201	28	1
C81732	GCATTC	Dot1l-201	28	3
C81732	GCCATA	Dot1l-201	28	1
C81732	GCTTAC	Dot1l-201	28	1
C81732	GGTTAG	Dot1l-201	28	1
C81732	GTATGC	Dot1l-201	28	1
C81732	TAGCTC	Dot1l-201	28	2
C81732	TATCGC	Dot1l-201	28	2
C81732	TGTAGC	Dot1l-201	28	1
C81732	TGTTCC	Dot1l-201	28	2
C81732	TTCGAC	Dot1l-201	28	2
C81732	TTGCGA	Dot1l-201	28	1
C81732	TTGCTG	Dot1l-201	28	2
C81732	TTGGCA	Dot1l-201	28	1
C81733	AACCTC	Dot1l-201	28	1
C81733	ACAGTG	Dot1l-201	28	1
C81733	ACCAAC	Dot1l-201	28	1
C81733	ACTCGA	Dot1l-201	28	1
C81733	ACTTCG	Dot1l-201	28	1
C81733	AGACAG	Dot1l-201	28	1
C81733	AGACTC	Dot1l-201	28	2
C81733	AGGATC	Dot1l-201	28	1
C81733	AGTGTC	Dot1l-201	28	1
C81733	ATTGCG	Dot1l-201	28	1
C81733	CACTTC	Dot1l-201	28	2
C81733	CATGTC	Dot1l-201	28	1
C81733	CCACAA	Dot1l-201	28	1
C81733	CCATAG	Dot1l-201	28	2
C81733	CTAAGC	Dot1l-201	28	1
C81733	CTCAGA	Dot1l-201	28	1
C81733	GAATCC	Dot1l-203	2	1
C81733	GAATGG	Dot1l-201	28	1
C81733	GACGAA	Dot1l-201	28	1
C81733	GTACAG	Dot1l-201	28	2
C81733	GTACTC	Dot1l-201	28	1
C81733	GTCTCA	Dot1l-201	28	1
C81733	GTGACA	Dot1l-201	28	1
C81733	TCCGAA	Dot1l-201	28	2
C81733	TCTTGC	Dot1l-201	28	1
C81733	TGAAGG	Dot1l-201	28	1
C81733	TGAGGA	Dot1l-201	28	1
C81733	TGGTGA	Dot1l-201	28	1
C81733	TTCACC	Dot1l-201	28	1
C81733	TTGTGC	Dot1l-201	28	2
C81734	AACACC	Dot1l-201	28	2
C81734	AACTGG	Dot1l-201	28	2
C81734	ATCAGC	Dot1l-201	28	1
C81734	CAATGC	Dot1l-201	28	1
C81734	CCGATA	Dot1l-201	28	1
C81734	CGTAAG	Dot1l-201	28	1
C81734	CGTTAC	Dot1l-201	28	3
C81734	CTAACG	Dot1l-201	28	1
C81734	GCCATA	Dot1l-201	28	1
C81734	GGTAGA	Dot1l-201	28	1
C81734	TACAGG	Dot1l-201	28	1
C81734	TATCCG	Dot1l-201	28	1
C81734	TATCGC	Dot1l-201	28	1
C81734	TGATCG	Dot1l-201	28	1
C81734	TGTAGC	Dot1l-201	28	2
C81734	TTCGAC	Dot1l-201	28	3
C81734	TTGCGA	Dot1l-201	28	1
C81734	TTGGTC	Dot1l-201	28	1
C81741	ACAAGC	Dot1l-201	28	1
C81741	ACAGAC	Dot1l-201	28	1
C81741	ACAGTG	Dot1l-201	28	2
C81741	ACCATG	Dot1l-201	28	1
C81741	ACTCTG	Dot1l-201	28	1
C81741	AGACCA	Dot1l-201	28	1
C81741	AGACTC	Dot1l-201	28	1
C81741	AGCTAG	Dot1l-201	28	1
C81741	AGGAAG	Dot1l-201	28	2
C81741	AGTGTC	Dot1l-201	28	1
C81741	ATGTCG	Dot1l-201	28	1
C81741	CCACAA	Dot1l-201	28	1
C81741	CCATAG	Dot1l-201	28	1
C81741	CTAGAC	Dot1l-201	28	2
C81741	CTAGTG	Dot1l-201	28	1
C81741	CTCAGA	Dot1l-201	28	1
C81741	CTCATG	Dot1l-201	28	2
C81741	CTTCGA	Dot1l-201	28	2
C81741	GAAGAC	Dot1l-201	28	1
C81741	GAATGG	Dot1l-201	28	1
C81741	GACAAC	Dot1l-201	28	1
C81741	GAGTGA	Dot1l-201	28	1
C81741	GATACG	Dot1l-201	28	1
C81741	GCATTC	Dot1l-201	28	1
C81741	GGACAA	Dot1l-201	28	1
C81741	GGTAAC	Dot1l-201	28	1
C81741	GGTTAG	Dot1l-201	28	1
C81741	GTACCA	Dot1l-201	28	1
C81741	TCATCC	Dot1l-201	28	3
C81741	TCCGAA	Dot1l-201	28	1
C81741	TGAACC	Dot1l-201	28	2
C81741	TGAAGG	Dot1l-201	28	2
C81741	TGGTGA	Dot1l-201	28	1
C81741	TGTCGA	Dot1l-201	28	1
C81741	TGTCTG	Dot1l-201	28	1
C81741	TTCACC	Dot1l-201	28	2
C81741	TTCCAG	Dot1l-201	28	1
C81741	TTCTCG	Dot1l-201	28	2
C81742	AACTGG	Dot1l-201	28	1
C81742	AAGTGC	Dot1l-201	28	1
C81742	ACATGG	Dot1l-201	28	1
C81742	AGCGAA	Dot1l-201	28	1
C81742	ATCCGA	Dot1l-201	28	1
C81742	ATCTCC	Dot1l-201	28	1
C81742	ATGCTC	Dot1l-201	28	1
C81742	CAATGC	Dot1l-201	28	1
C81742	CCTGAA	Dot1l-201	28	1
C81742	CGCATA	Dot1l-201	28	1
C81742	CGCTAA	Dot1l-201	28	1
C81742	CGGTTA	Dot1l-201	28	1
C81742	GATTGC	Dot1l-201	28	2
C81742	GCATTC	Dot1l-201	28	1
C81742	GCCATA	Dot1l-201	28	2
C81742	GCTAAG	Dot1l-201	28	1
C81742	GCTTCA	Dot1l-201	28	1
C81742	GGAATC	Dot1l-201	28	1
C81742	GGATCA	Dot1l-201	28	1
C81742	GGTTAG	Dot1l-201	28	1
C81742	GTATCG	Dot1l-201	28	1
C81742	GTTAGG	Dot1l-201	28	2
C81742	TACCAC	Dot1l-201	28	1
C81742	TACCGA	Dot1l-201	28	2
C81742	TATCGC	Dot1l-201	28	2
C81742	TGATCG	Dot1l-201	28	1
C81742	TTACGC	Dot1l-201	28	1
C81742	TTGCAC	Dot1l-201	28	1
C81742	TTGGAG	Dot1l-201	28	1
C81742	TTGGCA	Dot1l-201	28	1
C81743	AACCTC	Dot1l-201	28	2
C81743	AAGCCA	Dot1l-201	28	1
C81743	ACAGAC	Dot1l-201	28	1
C81743	ACCAAC	Dot1l-201	28	1
C81743	ACGTTG	Dot1l-201	28	1
C81743	ACTCGA	Dot1l-201	28	2
C81743	ACTTCG	Dot1l-201	28	1
C81743	AGACAG	Dot1l-201	28	1
C81743	AGCTCA	Dot1l-201	28	1
C81743	AGGAAG	Dot1l-201	28	2
C81743	AGTGCA	Dot1l-201	28	1
C81743	AGTGTC	Dot1l-201	28	1
C81743	CAGAAG	Dot1l-201	28	1
C81743	CAGGAA	Dot1l-201	28	1
C81743	CCACAA	Dot1l-201	28	1
C81743	CCAGTA	Dot1l-201	28	1
C81743	CGTCTA	Dot1l-201	28	1
C81743	CTAGAC	Dot1l-201	28	1
C81743	CTAGTG	Dot1l-201	28	1
C81743	CTCATG	Dot1l-201	28	1
C81743	CTGTTG	Dot1l-201	28	1
C81743	CTTCGA	Dot1l-201	28	1
C81743	GAAGAC	Dot1l-201	28	2
C81743	GAATCC	Dot1l-201	28	1
C81743	GTGATC	Dot1l-201	28	1
C81743	TAACGG	Dot1l-201	28	1
C81743	TCTTGC	Dot1l-201	28	2
C81743	TGAACC	Dot1l-201	28	1
C81744	AACTGG	Dot1l-201	28	1
C81744	ACATGG	Dot1l-201	28	1
C81744	ACGGTA	Dot1l-201	28	1
C81744	AGAACG	Dot1l-201	28	1
C81744	AGATGC	Dot1l-201	28	1
C81744	AGTACC	Dot1l-201	28	1
C81744	ATCAGC	Dot1l-201	28	3
C81744	ATCGTG	Dot1l-201	28	1
C81744	ATGAGG	Dot1l-201	28	2
C81744	ATGGAC	Dot1l-201	28	1
C81744	CACGTA	Dot1l-201	28	2
C81744	CAGGAA	Dot1l-201	28	2
C81744	CCGTAA	Dot1l-201	28	1
C81744	CGCATA	Dot1l-201	28	3
C81744	CGTAAG	Dot1l-201	28	1
C81744	CGTTAC	Dot1l-201	28	1
C81744	CGTTCA	Dot1l-204	3	1
C81744	CTCGAA	Dot1l-201	28	3
C81744	CTGCTA	Dot1l-201	28	1
C81744	GAGGTA	Dot1l-201	28	1
C81744	GCGTTA	Dot1l-201	28	2
C81744	GCTTCA	Dot1l-201	28	2
C81744	GTAACC	Dot1l-201	28	1
C81744	GTATCG	Dot1l-201	28	3
C81744	TAGCTC	Dot1l-201	28	2
C81744	TATCGC	Dot1l-201	28	4
C81744	TCTAGG	Dot1l-201	28	2
C81744	TGTAGC	Dot1l-201	28	1
C81744	TGTTGG	Dot1l-201	28	1
C81744	TTGCAC	Dot1l-201	28	1
C81744	TTGCGA	Dot1l-201	28	1
C81744	TTGGTC	Dot1l-201	27	2
C81744	TTGGTC	Dot1l-201	28	2
C81744	TTGGTC	Dot1l-205	4	2
K81312	AACACC	Dot1l-201	28	3
K81312	AACTGG	Dot1l-201	28	4
K81312	ACATGG	Dot1l-201	28	1
K81312	ACGGTA	Dot1l-201	28	1
K81312	AGAACG	Dot1l-201	28	2
K81312	AGACAG	Dot1l-201	28	1
K81312	AGCGAA	Dot1l-201	28	1
K81312	AGGCTA	Dot1l-201	28	2
K81312	AGTAGG	Dot1l-201	28	2
K81312	ATACGG	Dot1l-201	28	1
K81312	ATCAGC	Dot1l-201	28	3
K81312	ATCGCA	Dot1l-201	28	1
K81312	ATCTCC	Dot1l-201	28	1
K81312	ATGACC	Dot1l-201	28	2
K81312	ATGGAC	Dot1l-201	28	1
K81312	ATTCGC	Dot1l-201	28	1
K81312	CATTGG	Dot1l-201	28	1
K81312	CCAATC	Dot1l-201	28	1
K81312	CCAGTA	Dot1l-201	28	2
K81312	CCATCA	Dot1l-201	28	1
K81312	CCTTGA	Dot1l-201	28	1
K81312	CGAACA	Dot1l-201	28	1
K81312	CTAACG	Dot1l-201	28	1
K81312	CTCAGA	Dot1l-201	28	1
K81312	GATTGC	Dot1l-201	28	1
K81312	GCAATG	Dot1l-201	28	1
K81312	GCAGAA	Dot1l-201	28	2
K81312	GCATGA	Dot1l-201	28	1
K81312	GCATTC	Dot1l-201	28	2
K81312	GCTCTA	Dot1l-201	28	2
K81312	GCTTCA	Dot1l-201	28	1
K81312	GGATCA	Dot1l-201	28	2
K81312	GGTTAG	Dot1l-201	28	1
K81312	GTATCG	Dot1l-201	28	2
K81312	TCAACG	Dot1l-201	28	2
K81312	TTGCAC	Dot1l-201	28	1
K81312	TTGGCA	Dot1l-201	28	1
K81313	AAGCCA	Dot1l-201	28	1
K81313	ACAGTG	Dot1l-201	28	3
K81313	ACCAAC	Dot1l-201	28	1
K81313	ACCATG	Dot1l-201	28	1
K81313	ACGTGA	Dot1l-201	28	3
K81313	ACTCGA	Dot1l-201	28	1
K81313	AGACCA	Dot1l-201	28	1
K81313	AGCTTC	Dot1l-201	28	1
K81313	AGGATC	Dot1l-201	28	1
K81313	ATCACG	Dot1l-201	28	1
K81313	ATGTCG	Dot1l-201	28	2
K81313	CACCAA	Dot1l-201	28	1
K81313	CAGAAG	Dot1l-201	28	1
K81313	CATGTC	Dot1l-201	28	1
K81313	CCATAG	Dot1l-201	28	1
K81313	CGATGA	Dot1l-201	28	1
K81313	CTAGAC	Dot1l-201	28	2
K81313	CTAGTG	Dot1l-201	28	2
K81313	CTCATG	Dot1l-201	28	1
K81313	CTTCGA	Dot1l-201	28	1
K81313	GAAGAC	Dot1l-201	28	1
K81313	GAAGGA	Dot1l-201	28	2
K81313	GACAGA	Dot1l-201	28	1
K81313	GATCGA	Dot1l-201	28	1
K81313	GATCTG	Dot1l-201	28	1
K81313	GGTAAC	Dot1l-201	28	1
K81313	GTACAG	Dot1l-201	28	2
K81313	GTACCA	Dot1l-201	28	1
K81313	GTACTC	Dot1l-201	28	1
K81313	GTGAAG	Dot1l-201	28	1
K81313	GTGGAA	Dot1l-201	28	1
K81313	GTTGAG	Dot1l-201	28	1
K81313	TAACGG	Dot1l-201	28	2
K81313	TCACAG	Dot1l-201	28	1
K81313	TCCGAA	Dot1l-201	28	1
K81313	TGAAGG	Dot1l-201	28	2
K81313	TGCAAC	Dot1l-201	28	3
K81313	TGGTTG	Dot1l-201	28	1
K81313	TGTCGA	Dot1l-201	28	1
K81313	TGTCTG	Dot1l-205	5	1
K81314	ACGGTA	Dot1l-201	28	2
K81314	AGCGAA	Dot1l-201	28	1
K81314	AGTAGG	Dot1l-201	28	1
K81314	ATCTCC	Dot1l-201	28	2
K81314	ATGCAG	Dot1l-201	28	1
K81314	CAATGC	Dot1l-201	28	1
K81314	CCAATC	Dot1l-201	28	1
K81314	CCAGTA	Dot1l-201	28	3
K81314	CCATCA	Dot1l-201	28	1
K81314	CCTATG	Dot1l-201	28	2
K81314	CGAACA	Dot1l-201	28	1
K81314	GAGCAA	Dot1l-201	28	1
K81314	GAGGTA	Dot1l-201	28	1
K81314	GCAATG	Dot1l-201	28	1
K81314	GCATGA	Dot1l-201	28	4
K81314	GCGTTA	Dot1l-201	28	1
K81314	GCTCTA	Dot1l-201	28	1
K81314	GGCTTA	Dot1l-201	28	1
K81314	GGTAGA	Dot1l-201	28	1
K81314	TACAGG	Dot1l-201	28	1
K81314	TACCGA	Dot1l-201	28	2
K81314	TACGCA	Dot1l-201	28	1
K81314	TAGCTC	Dot1l-201	28	1
K81314	TGTTGG	Dot1l-201	28	1
K81314	TTACGC	Dot1l-201	28	1
K81321	AACCTC	Dot1l-201	28	1
K81321	ACCAAC	Dot1l-201	28	1
K81321	ACTCGA	Dot1l-201	28	1
K81321	ACTCTG	Dot1l-201	28	1
K81321	AGACCA	Dot1l-201	28	1
K81321	AGACTC	Dot1l-201	28	1
K81321	AGCTAG	Dot1l-201	28	1
K81321	AGTGCA	Dot1l-201	28	1
K81321	AGTGTC	Dot1l-201	28	1
K81321	ATTCGC	Dot1l-201	28	1
K81321	ATTGCG	Dot1l-201	28	1
K81321	CACCAA	Dot1l-201	28	2
K81321	CACTTC	Dot1l-201	28	1
K81321	CTAAGC	Dot1l-201	28	1
K81321	CTAGTG	Dot1l-201	28	1
K81321	GACGAA	Dot1l-201	28	1
K81321	GAGTGA	Dot1l-201	28	2
K81321	GATACG	Dot1l-201	28	1
K81321	GATCGA	Dot1l-201	28	1
K81321	GGACAA	Dot1l-201	28	1
K81321	GTACCA	Dot1l-201	28	1
K81321	GTGAAG	Dot1l-201	28	1
K81321	TCACAG	Dot1l-201	28	1
K81321	TCATCC	Dot1l-201	28	1
K81321	TCTTGC	Dot1l-201	28	1
K81321	TGCAAC	Dot1l-201	28	1
K81321	TTCACC	Dot1l-201	28	1
K81321	TTCTCG	Dot1l-201	28	1
K81321	TTGTGC	Dot1l-201	28	1
K81322	AAGGTG	Dot1l-201	28	1
K81322	ACATGG	Dot1l-201	28	1
K81322	AGATGC	Dot1l-201	28	1
K81322	AGCGAA	Dot1l-201	28	1
K81322	AGCTAG	Dot1l-201	28	1
K81322	AGTGCA	Dot1l-201	28	1
K81322	ATACGG	Dot1l-201	28	1
K81322	ATCCAC	Dot1l-201	28	2
K81322	ATCGCA	Dot1l-201	28	1
K81322	ATCGTG	Dot1l-201	28	1
K81322	ATTCGC	Dot1l-201	28	1
K81322	CAGGAA	Dot1l-201	28	1
K81322	CCAGTA	Dot1l-201	28	3
K81322	CCGATA	Dot1l-201	28	2
K81322	CCTACA	Dot1l-201	28	1
K81322	CGCATA	Dot1l-201	28	1
K81322	CGCTAA	Dot1l-203	2	1
K81322	CGTAAG	Dot1l-201	28	2
K81322	CTAACG	Dot1l-201	28	1
K81322	GAGCAA	Dot1l-201	28	3
K81322	GAGGTA	Dot1l-201	28	2
K81322	GCATGA	Dot1l-201	28	2
K81322	GCATTC	Dot1l-201	28	2
K81322	GCTTCA	Dot1l-201	28	3
K81322	GGAATC	Dot1l-201	28	2
K81322	GGCTTA	Dot1l-201	28	1
K81322	GGTAGA	Dot1l-201	28	1
K81322	GGTATG	Dot1l-201	28	1
K81322	GTAACC	Dot1l-201	28	3
K81322	GTATGC	Dot1l-201	28	1
K81322	GTTAGG	Dot1l-201	28	1
K81322	TACCGA	Dot1l-201	28	1
K81322	TACGCA	Dot1l-201	28	2
K81322	TAGCTC	Dot1l-201	28	1
K81322	TATCCG	Dot1l-201	28	3
K81322	TCTAGG	Dot1l-201	28	2
K81322	TGTAGC	Dot1l-201	28	2
K81322	TGTTCC	Dot1l-201	28	1
K81322	TTGGTC	Dot1l-201	28	2
K81323	AAGCCA	Dot1l-201	28	1
K81323	ACAGAC	Dot1l-201	28	1
K81323	ACAGGA	Dot1l-201	28	1
K81323	ACGTTG	Dot1l-201	28	2
K81323	ACTCAC	Dot1l-201	28	1
K81323	ACTCTG	Dot1l-201	28	1
K81323	ACTTCG	Dot1l-201	28	2
K81323	AGGAAG	Dot1l-201	28	1
K81323	AGGACA	Dot1l-201	28	1
K81323	ATGTCG	Dot1l-201	28	2
K81323	CAGAAG	Dot1l-201	28	1
K81323	CATGTC	Dot1l-201	28	1
K81323	CCGTAA	Dot1l-201	28	1
K81323	CGATTG	Dot1l-201	28	1
K81323	CTATCC	Dot1l-201	28	2
K81323	CTCAGA	Dot1l-201	28	1
K81323	CTCATG	Dot1l-201	28	2
K81323	CTGTTG	Dot1l-201	28	1
K81323	GAAGAC	Dot1l-201	28	1
K81323	GACAGA	Dot1l-201	28	1
K81323	GACGAA	Dot1l-201	28	1
K81323	GATACG	Dot1l-201	28	1
K81323	GATCTG	Dot1l-201	28	1
K81323	GCAACA	Dot1l-201	28	1
K81323	GGTAAC	Dot1l-201	28	1
K81323	GTCTCA	Dot1l-201	28	1
K81323	GTGACA	Dot1l-201	28	1
K81323	TCACAG	Dot1l-201	28	1
K81323	TGAACC	Dot1l-201	28	1
K81323	TGTCGA	Dot1l-201	28	1
K81324	AGTACC	Dot1l-201	28	1
K81324	ATGAGG	Dot1l-201	28	1
K81324	ATGCAG	Dot1l-201	28	2
K81324	ATGCTC	Dot1l-201	28	2
K81324	CAATGC	Dot1l-201	28	2
K81324	CACGTA	Dot1l-201	28	1
K81324	CCAATC	Dot1l-201	28	1
K81324	CCATCA	Dot1l-201	28	1
K81324	CCGATA	Dot1l-201	28	1
K81324	CGTAAG	Dot1l-201	28	1
K81324	CGTTAC	Dot1l-201	28	1
K81324	CTAACG	Dot1l-201	28	1
K81324	GCATGA	Dot1l-201	28	1
K81324	GGATCA	Dot1l-201	28	2
K81324	GGCTTA	Dot1l-201	28	1
K81324	GGTATG	Dot1l-201	28	2
K81324	TAGCTC	Dot1l-201	28	1
K81324	TATCCG	Dot1l-201	28	1
K81324	TTGCGA	Dot1l-201	28	1
K81324	TTGGAG	Dot1l-201	28	1
K81324	TTGGCA	Dot1l-201	28	1
K81331	AACCTC	Dot1l-201	28	1
K81331	ACAAGC	Dot1l-201	28	2
K81331	ACAGTG	Dot1l-201	28	1
K81331	ACTCAC	Dot1l-201	28	1
K81331	ACTCTG	Dot1l-201	28	1
K81331	ACTTCG	Dot1l-201	28	1
K81331	AGACCA	Dot1l-201	28	1
K81331	AGCTCA	Dot1l-201	28	1
K81331	AGGAAG	Dot1l-201	28	1
K81331	AGTGCA	Dot1l-201	28	2
K81331	ATCACG	Dot1l-201	28	1
K81331	CACCAA	Dot1l-201	28	1
K81331	CATGTC	Dot1l-201	28	1
K81331	CGATTG	Dot1l-201	28	1
K81331	CTCATG	Dot1l-201	28	2
K81331	CTTCGA	Dot1l-201	28	1
K81331	GACAAC	Dot1l-201	28	1
K81331	GACGAA	Dot1l-201	28	1
K81331	GATCGA	Dot1l-201	28	1
K81331	GGACAA	Dot1l-201	28	2
K81331	GGATCA	Dot1l-201	28	1
K81331	GTCTCA	Dot1l-201	28	1
K81331	TAGTGG	Dot1l-201	28	1
K81331	TCATCC	Dot1l-201	28	2
K81331	TGAGGA	Dot1l-201	28	1
K81331	TGCAAC	Dot1l-201	28	1
K81331	TGTCGA	Dot1l-201	28	3
K81331	TGTCTG	Dot1l-201	28	1
K81331	TTCCAG	Dot1l-201	28	1
K81331	TTCTCG	Dot1l-201	28	1
K81331	TTGTGC	Dot1l-201	28	4
K81332	AACACC	Dot1l-201	28	1
K81332	ACGGTA	Dot1l-201	28	1
K81332	CACGTA	Dot1l-201	28	2
K81332	CCAGTA	Dot1l-201	28	1
K81332	CCTATG	Dot1l-201	28	1
K81332	CGATGA	Dot1l-201	28	1
K81332	CGCTAA	Dot1l-201	28	1
K81332	CGTTCA	Dot1l-201	28	1
K81332	GAGCAA	Dot1l-201	28	1
K81332	GATTGC	Dot1l-201	28	1
K81332	GCCATA	Dot1l-201	28	1
K81332	GGATAC	Dot1l-201	28	1
K81332	GGTAGA	Dot1l-201	28	1
K81332	GGTATG	Dot1l-201	28	1
K81332	GTAACC	Dot1l-201	28	1
K81332	TACCGA	Dot1l-201	28	1
K81332	TCTAGG	Dot1l-201	28	1
K81332	TGATCG	Dot1l-201	28	1
K81332	TGTTGG	Dot1l-201	28	1
K81332	TTACGC	Dot1l-201	28	1
K81332	TTGCAC	Dot1l-201	28	1
K81333	AACCTC	Dot1l-201	28	1
K81333	AGGACA	Dot1l-201	28	2
K81333	AGGATC	Dot1l-201	28	2
K81333	ATCACG	Dot1l-201	28	2
K81333	ATGTCG	Dot1l-201	28	1
K81333	CACTTC	Dot1l-201	28	1
K81333	CCAGTA	Dot1l-201	28	1
K81333	CGATTG	Dot1l-201	28	2
K81333	CTCAGA	Dot1l-201	28	1
K81333	GACAAC	Dot1l-201	28	1
K81333	GACGAA	Dot1l-201	28	1
K81333	GAGTGA	Dot1l-201	28	1
K81333	GATCGA	Dot1l-201	28	1
K81333	GCAACA	Dot1l-201	28	1
K81333	TGGTGA	Dot1l-203	2	1
K81333	TGTCTG	Dot1l-201	28	1
K81334	AGAACG	Dot1l-201	28	1
K81334	AGATGC	Dot1l-201	28	1
K81334	AGCGAA	Dot1l-201	28	2
K81334	AGTACC	Dot1l-201	28	1
K81334	ATACGG	Dot1l-201	28	1
K81334	ATCCGA	Dot1l-201	28	1
K81334	ATGCTC	Dot1l-201	28	1
K81334	ATGGAC	Dot1l-201	28	1
K81334	ATTCGC	Dot1l-201	28	1
K81334	CACGTA	Dot1l-201	28	1
K81334	CCAATC	Dot1l-201	28	1
K81334	CCTATG	Dot1l-203	2	1
K81334	CCTTGA	Dot1l-201	28	1
K81334	CGCATA	Dot1l-201	28	1
K81334	CGGTTA	Dot1l-201	28	1
K81334	GAGTGA	Dot1l-201	28	1
K81334	GCAATG	Dot1l-201	28	1
K81334	GCTAAG	Dot1l-201	28	1
K81334	GGAATC	Dot1l-201	28	1
K81334	GGATAC	Dot1l-201	28	1
K81334	GGATCA	Dot1l-201	28	3
K81334	GGTTAG	Dot1l-201	28	2
K81334	GTTAGG	Dot1l-201	28	1
K81334	TACAGG	Dot1l-201	28	1
K81334	TACCAC	Dot1l-201	28	1
K81334	TACTCC	Dot1l-201	28	1
K81334	TGATCG	Dot1l-201	28	1
K81334	TTCGAC	Dot1l-201	28	2
K81334	TTGCGA	Dot1l-201	28	1
K81342	AACTGG	Dot1l-201	28	1
K81342	AAGGTG	Dot1l-201	28	1
K81342	AGAACG	Dot1l-201	28	1
K81342	ATCCAC	Dot1l-201	28	1
K81342	ATGAGG	Dot1l-201	28	2
K81342	ATGCTC	Dot1l-201	28	3
K81342	ATGGAC	Dot1l-201	28	1
K81342	CAGGAA	Dot1l-201	28	1
K81342	CCAGTA	Dot1l-201	28	1
K81342	CCGTAA	Dot1l-201	28	1
K81342	CCTATG	Dot1l-201	28	2
K81342	CCTTGA	Dot1l-201	28	1
K81342	CGCTAA	Dot1l-201	28	1
K81342	CGTAAG	Dot1l-201	28	1
K81342	CTGCTA	Dot1l-201	28	1
K81342	GAGCAA	Dot1l-201	28	2
K81342	GAGGTA	Dot1l-201	28	1
K81342	GCTTAC	Dot1l-201	28	1
K81342	GGTTAG	Dot1l-201	28	1
K81342	GTAACC	Dot1l-201	28	2
K81342	GTATCG	Dot1l-201	28	1
K81342	GTATGC	Dot1l-201	28	1
K81342	TACCAC	Dot1l-201	28	1
K81342	TAGCTC	Dot1l-201	28	1
K81342	TGTTGG	Dot1l-201	28	1
K81342	TTCGAC	Dot1l-201	28	1
K81342	TTGCTG	Dot1l-201	28	1
K81342	TTGGAG	Dot1l-201	28	2
K81343	AAGCCA	Dot1l-201	28	1
K81343	ACAGAC	Dot1l-201	28	1
K81343	ACAGGA	Dot1l-201	28	1
K81343	ACAGTG	Dot1l-201	28	1
K81343	ACCAAC	Dot1l-201	27	1
K81343	ACCAAC	Dot1l-201	28	1
K81343	ACGTGA	Dot1l-201	28	1
K81343	ACTTCG	Dot1l-201	28	1
K81343	AGACAG	Dot1l-201	28	2
K81343	AGACCA	Dot1l-201	28	2
K81343	AGACTC	Dot1l-201	28	2
K81343	AGCTTC	Dot1l-201	28	1
K81343	AGTGTC	Dot1l-201	28	1
K81343	ATCACG	Dot1l-201	28	1
K81343	ATTCGC	Dot1l-201	28	1
K81343	CACCAA	Dot1l-201	28	1
K81343	CATGTC	Dot1l-201	28	1
K81343	CCACAA	Dot1l-201	28	3
K81343	CGATGA	Dot1l-201	28	2
K81343	CTAGTG	Dot1l-201	28	1
K81343	CTTCGA	Dot1l-201	28	2
K81343	GACGAA	Dot1l-201	28	1
K81343	GATACG	Dot1l-201	28	1
K81343	GCAACA	Dot1l-201	28	1
K81343	GCAGAA	Dot1l-201	28	1
K81343	GTACAG	Dot1l-201	28	1
K81343	GTACTC	Dot1l-201	28	1
K81343	GTGATC	Dot1l-201	28	1
K81343	TAACGG	Dot1l-201	28	1
K81343	TCACAG	Dot1l-201	28	1
K81343	TGCAGA	Dot1l-201	28	2
K81343	TGTTGG	Dot1l-201	28	1
K81343	TTCACC	Dot1l-201	28	1
K81343	TTCCAG	Dot1l-201	28	2
K81343	ACCAAC	Dot1l-205	4	1
K81411	AAGCCA	Dot1l-201	28	1
K81411	ACAGGA	Dot1l-201	28	1
K81411	ACAGTG	Dot1l-201	28	1
K81411	ACCAGA	Dot1l-201	28	2
K81411	AGACAG	Dot1l-201	28	1
K81411	AGACTC	Dot1l-201	28	1
K81411	AGCTCA	Dot1l-201	28	1
K81411	AGGAAG	Dot1l-201	28	1
K81411	AGGATC	Dot1l-201	28	1
K81411	ATCACG	Dot1l-201	28	1
K81411	CATGCA	Dot1l-201	28	2
K81411	CCATAG	Dot1l-201	28	1
K81411	CTGTTG	Dot1l-201	28	1
K81411	CTGTTG	Dot1l-204	3	1
K81411	GAATGG	Dot1l-201	28	1
K81411	GACGAA	Dot1l-201	28	1
K81411	GAGTGA	Dot1l-201	28	1
K81411	GTACCA	Dot1l-201	28	1
K81411	TAACGG	Dot1l-201	28	1
K81411	TAGGAC	Dot1l-201	28	1
K81411	TAGTGG	Dot1l-201	28	1
K81411	TCCGAA	Dot1l-201	28	2
K81411	TGAGGA	Dot1l-201	28	4
K81411	TGGTGA	Dot1l-201	28	1
K81411	TGGTTG	Dot1l-201	28	1
K81411	TGTCGA	Dot1l-201	28	1
K81411	TGTCTG	Dot1l-201	28	1
K81411	TTCCAG	Dot1l-201	28	1
K81411	TTGTGC	Dot1l-201	28	1
K81412	ACATGG	Dot1l-201	28	1
K81412	ACGGTA	Dot1l-201	28	1
K81412	AGTAGG	Dot1l-201	28	1
K81412	ATACGG	Dot1l-201	28	1
K81412	ATCAGC	Dot1l-201	28	1
K81412	ATCCGA	Dot1l-201	28	2
K81412	ATGACC	Dot1l-201	28	1
K81412	ATGCTC	Dot1l-201	28	1
K81412	ATTCGC	Dot1l-201	28	1
K81412	CAATGC	Dot1l-201	28	1
K81412	CACGTA	Dot1l-201	28	2
K81412	CCGTAA	Dot1l-201	28	1
K81412	CCTACA	Dot1l-201	28	1
K81412	CCTATG	Dot1l-201	28	1
K81412	CCTGAA	Dot1l-201	28	2
K81412	CGAACA	Dot1l-201	28	2
K81412	CGCTAA	Dot1l-201	28	1
K81412	CGTTAC	Dot1l-201	28	2
K81412	GATTGC	Dot1l-201	28	1
K81412	GCAATG	Dot1l-201	28	1
K81412	GCATGA	Dot1l-201	28	1
K81412	GCCATA	Dot1l-201	28	1
K81412	GCTAAG	Dot1l-201	28	2
K81412	GCTTCA	Dot1l-201	28	1
K81412	GGTTAG	Dot1l-201	28	2
K81412	TACCGA	Dot1l-201	28	1
K81412	TAGCTC	Dot1l-201	28	2
K81412	TATCGC	Dot1l-201	28	2
K81412	TCAACG	Dot1l-201	28	1
K81412	TTGGAG	Dot1l-201	28	2
K81413	ACAGAC	Dot1l-201	28	1
K81413	ACCAGA	Dot1l-201	28	1
K81413	ACCATG	Dot1l-201	28	1
K81413	ACGTTG	Dot1l-201	28	2
K81413	ACTCGA	Dot1l-201	28	1
K81413	ACTTCG	Dot1l-201	28	1
K81413	AGACTC	Dot1l-201	28	1
K81413	AGCTAG	Dot1l-201	28	1
K81413	AGCTCA	Dot1l-201	28	1
K81413	AGCTTC	Dot1l-201	28	1
K81413	AGGATC	Dot1l-201	28	1
K81413	AGTGCA	Dot1l-201	28	1
K81413	AGTGTC	Dot1l-201	28	2
K81413	ATCCAC	Dot1l-201	28	1
K81413	ATGTCG	Dot1l-201	28	3
K81413	CCACAA	Dot1l-201	28	1
K81413	CCATAG	Dot1l-201	28	1
K81413	CGTCTA	Dot1l-201	28	1
K81413	GAAGGA	Dot1l-201	28	1
K81413	GAATGG	Dot1l-201	28	1
K81413	GACAAC	Dot1l-201	28	1
K81413	GATACG	Dot1l-201	28	1
K81413	GATCGA	Dot1l-201	28	3
K81413	GATCTG	Dot1l-201	28	2
K81413	GCCATA	Dot1l-201	28	1
K81413	GTACTC	Dot1l-201	28	1
K81413	GTTGAG	Dot1l-201	28	3
K81413	TCTTGC	Dot1l-201	28	1
K81413	TGAACC	Dot1l-201	28	3
K81413	TGCAGA	Dot1l-201	28	2
K81413	TGGTTG	Dot1l-201	28	1
K81413	TGTCTG	Dot1l-201	28	1
K81413	TTCCAG	Dot1l-201	28	1
K81414	AGTACC	Dot1l-201	28	1
K81414	AGTAGG	Dot1l-201	28	2
K81414	ATCAGC	Dot1l-201	28	2
K81414	ATGGAC	Dot1l-201	28	2
K81414	CCATCA	Dot1l-201	28	1
K81414	GAGCAA	Dot1l-201	28	1
K81414	GAGGTA	Dot1l-201	28	2
K81414	GCAATG	Dot1l-201	28	1
K81414	GCATGA	Dot1l-201	28	1
K81414	GCCATA	Dot1l-201	28	2
K81414	GGTAGA	Dot1l-201	28	1
K81421	AAGCCA	Dot1l-201	28	4
K81421	ACAGGA	Dot1l-201	28	1
K81421	ACCAGA	Dot1l-201	28	1
K81421	ACCATG	Dot1l-201	28	1
K81421	AGACCA	Dot1l-201	28	2
K81421	ATTGCG	Dot1l-201	28	1
K81421	CATGCA	Dot1l-201	28	2
K81421	CTCAGA	Dot1l-201	28	3
K81421	GAAGGA	Dot1l-201	28	2
K81421	GACAGA	Dot1l-201	28	1
K81421	GACGAA	Dot1l-201	28	1
K81421	GGATAC	Dot1l-201	28	1
K81421	GTGATC	Dot1l-201	28	1
K81421	TAGGAC	Dot1l-201	28	1
K81421	TATCCG	Dot1l-201	28	1
K81421	TCACAG	Dot1l-201	28	1
K81421	TCTTGC	Dot1l-201	28	1
K81421	TTGTGC	Dot1l-201	28	1
K81422	AACACC	Dot1l-201	28	1
K81422	AAGCAC	Dot1l-201	28	1
K81422	AAGCCA	Dot1l-201	28	1
K81422	AAGGTG	Dot1l-201	28	1
K81422	AGAACG	Dot1l-201	28	1
K81422	AGTACC	Dot1l-201	28	1
K81422	ATCCGA	Dot1l-201	28	1
K81422	CAGGAA	Dot1l-201	28	2
K81422	CCTTGA	Dot1l-201	28	1
K81422	CGTAAG	Dot1l-201	28	1
K81422	CGTTCA	Dot1l-201	28	2
K81422	GCTTAC	Dot1l-201	28	1
K81422	GGATCA	Dot1l-201	28	1
K81422	GGCTTA	Dot1l-201	28	1
K81422	GGTTAG	Dot1l-201	28	1
K81422	GTATCG	Dot1l-201	28	1
K81422	TACCAC	Dot1l-201	28	1
K81422	TACCGA	Dot1l-201	28	2
K81422	TGTTCC	Dot1l-201	28	1
K81422	TTGCTG	Dot1l-201	28	1
K81422	TTGGAG	Dot1l-201	28	2
K81423	AACCTC	Dot1l-201	28	1
K81423	ACAGGA	Dot1l-201	28	1
K81423	ACCAGA	Dot1l-201	28	1
K81423	ACGTGA	Dot1l-201	28	1
K81423	ACGTTG	Dot1l-201	28	1
K81423	ACTCAC	Dot1l-201	28	2
K81423	ACTTCG	Dot1l-201	28	1
K81423	AGCTCA	Dot1l-201	28	1
K81423	AGCTTC	Dot1l-201	28	1
K81423	AGTGCA	Dot1l-201	28	1
K81423	AGTGTC	Dot1l-201	28	1
K81423	ATTGCG	Dot1l-201	28	2
K81423	CACTCA	Dot1l-201	28	1
K81423	CCACAA	Dot1l-201	28	1
K81423	CGATTG	Dot1l-201	28	1
K81423	CGTCTA	Dot1l-201	28	1
K81423	CTTCGA	Dot1l-201	28	1
K81423	GAATCC	Dot1l-201	28	1
K81423	GACAGA	Dot1l-201	28	2
K81423	GAGTGA	Dot1l-201	28	1
K81423	GTACCA	Dot1l-201	28	1
K81423	GTCTCA	Dot1l-201	28	1
K81423	TAACGG	Dot1l-201	28	1
K81423	TCTTGC	Dot1l-201	28	1
K81423	TGCAGA	Dot1l-201	28	1
K81423	TGTACG	Dot1l-201	28	1
K81423	TGTCGA	Dot1l-201	28	1
K81423	TTCACC	Dot1l-201	28	1
K81424	AACGAG	Dot1l-201	28	1
K81424	AAGTGC	Dot1l-201	28	1
K81424	AGAACG	Dot1l-201	28	1
K81424	AGGCTA	Dot1l-201	28	1
K81424	ATCAGC	Dot1l-201	28	1
K81424	ATCCAC	Dot1l-201	28	1
K81424	ATCGCA	Dot1l-201	28	1
K81424	ATGACC	Dot1l-201	28	1
K81424	ATGCAG	Dot1l-201	28	1
K81424	ATTCGC	Dot1l-201	28	1
K81424	CACGTA	Dot1l-201	28	1
K81424	CAGGAA	Dot1l-201	28	1
K81424	CATTGG	Dot1l-201	28	2
K81424	CCAATC	Dot1l-201	28	1
K81424	CCATCA	Dot1l-201	28	1
K81424	CCTACA	Dot1l-201	28	1
K81424	CCTATG	Dot1l-201	28	1
K81424	CGTAAG	Dot1l-201	28	2
K81424	CTGCTA	Dot1l-201	28	2
K81424	GAGGTA	Dot1l-201	28	1
K81424	GCATTC	Dot1l-201	28	1
K81424	GCTTAC	Dot1l-201	28	1
K81424	GGAATC	Dot1l-201	28	1
K81424	GGTAGA	Dot1l-201	28	1
K81424	GTAACC	Dot1l-201	28	2
K81424	GTTAGG	Dot1l-201	28	2
K81424	TATCCG	Dot1l-201	28	1
K81424	TCAACG	Dot1l-201	28	3
K81424	TGTAGC	Dot1l-201	28	1
K81424	TGTTCC	Dot1l-201	28	2
K81424	TGTTGG	Dot1l-201	28	1
K81424	TTACGC	Dot1l-201	28	1
K81424	TTCGAC	Dot1l-201	28	1
K81424	TTGCGA	Dot1l-201	28	2
K81431	ACAGAC	Dot1l-201	28	1
K81431	ACAGTG	Dot1l-201	28	1
K81431	ACCATG	Dot1l-201	28	1
K81431	ACGTGA	Dot1l-201	28	1
K81431	ACTCGA	Dot1l-201	28	1
K81431	ACTTCG	Dot1l-201	28	1
K81431	AGACCA	Dot1l-201	28	1
K81431	AGCTAG	Dot1l-201	28	1
K81431	AGCTTC	Dot1l-201	28	1
K81431	AGTGCA	Dot1l-201	28	1
K81431	ATCACG	Dot1l-201	28	1
K81431	ATGTCG	Dot1l-201	28	1
K81431	ATTGCG	Dot1l-201	28	2
K81431	CACCAA	Dot1l-201	28	1
K81431	CACTCA	Dot1l-201	28	1
K81431	CACTTC	Dot1l-201	28	1
K81431	CTAAGC	Dot1l-201	28	1
K81431	CTAGGA	Dot1l-201	28	1
K81431	CTATCC	Dot1l-201	28	1
K81431	CTCAGA	Dot1l-201	28	2
K81431	CTGTTG	Dot1l-201	28	1
K81431	GAAGGA	Dot1l-201	28	1
K81431	GAATCC	Dot1l-201	28	2
K81431	GACAGA	Dot1l-201	28	1
K81431	GACGAA	Dot1l-201	28	1
K81431	GTACAG	Dot1l-201	28	1
K81431	GTGAAG	Dot1l-201	28	1
K81431	GTGACA	Dot1l-201	28	1
K81431	GTTGAG	Dot1l-201	28	1
K81431	TAGGAC	Dot1l-201	28	1
K81431	TCACAG	Dot1l-201	28	1
K81431	TCCGAA	Dot1l-201	28	2
K81431	TGAACC	Dot1l-201	28	1
K81431	TGGTGA	Dot1l-201	28	1
K81431	TGTCTG	Dot1l-201	28	1
K81431	TTCCAG	Dot1l-201	28	1
K81431	TTCTCG	Dot1l-201	28	1
K81432	AACTGG	Dot1l-201	28	2
K81432	AAGCAC	Dot1l-201	28	1
K81432	AAGGTG	Dot1l-201	28	1
K81432	AAGTGC	Dot1l-201	28	1
K81432	AGAACG	Dot1l-201	28	1
K81432	AGTAGG	Dot1l-201	28	1
K81432	ATACGG	Dot1l-201	28	1
K81432	ATCAGC	Dot1l-201	28	1
K81432	ATCCAC	Dot1l-201	28	1
K81432	ATGCAG	Dot1l-201	28	1
K81432	ATTCGC	Dot1l-201	28	1
K81432	CAATGC	Dot1l-201	28	1
K81432	CACGTA	Dot1l-201	28	2
K81432	CCAATC	Dot1l-201	28	1
K81432	CCGTAA	Dot1l-201	28	1
K81432	CCTATG	Dot1l-201	28	1
K81432	CGGTTA	Dot1l-201	28	1
K81432	CTAACG	Dot1l-201	28	1
K81432	CTGCTA	Dot1l-201	28	1
K81432	GAGGTA	Dot1l-201	28	1
K81432	GATCTG	Dot1l-201	28	1
K81432	GCAGAA	Dot1l-201	28	1
K81432	GCTAAG	Dot1l-201	28	1
K81432	GCTCTA	Dot1l-201	28	1
K81432	GCTTCA	Dot1l-201	28	1
K81432	GGAATC	Dot1l-201	28	1
K81432	GGTAGA	Dot1l-201	28	1
K81432	GGTATG	Dot1l-201	28	1
K81432	GGTTAG	Dot1l-201	28	1
K81432	GTATCG	Dot1l-201	28	1
K81432	GTCTCA	Dot1l-201	28	1
K81432	TATCCG	Dot1l-201	28	1
K81432	TCTTGC	Dot1l-201	28	1
K81432	TGTTCC	Dot1l-201	28	1
K81432	TGTTGG	Dot1l-201	28	2
K81432	TTGCGA	Dot1l-201	28	3
K81432	TTGCTG	Dot1l-201	28	1
K81432	TTGGCA	Dot1l-201	28	1
K81433	AACGAG	Dot1l-201	28	1
K81433	ACAGAC	Dot1l-201	28	1
K81433	ACGTGA	Dot1l-201	28	1
K81433	ACGTTG	Dot1l-201	28	1
K81433	ACTCGA	Dot1l-201	28	1
K81433	ACTTCG	Dot1l-201	28	1
K81433	AGACAG	Dot1l-201	28	1
K81433	AGACCA	Dot1l-201	28	1
K81433	AGGATC	Dot1l-201	28	2
K81433	AGTGCA	Dot1l-201	28	1
K81433	AGTGTC	Dot1l-201	28	1
K81433	CACTCA	Dot1l-201	28	1
K81433	CACTTC	Dot1l-201	28	1
K81433	CAGAAG	Dot1l-201	28	1
K81433	CCACAA	Dot1l-201	28	1
K81433	CCGATA	Dot1l-201	28	1
K81433	CGATTG	Dot1l-201	28	1
K81433	CGTCTA	Dot1l-201	28	1
K81433	CTAGAC	Dot1l-201	28	2
K81433	CTATCC	Dot1l-201	28	1
K81433	CTCATG	Dot1l-201	28	1
K81433	CTTCGA	Dot1l-201	28	1
K81433	GAATCC	Dot1l-201	28	1
K81433	GACAAC	Dot1l-201	28	2
K81433	GAGTGA	Dot1l-201	28	1
K81433	GAGTTG	Dot1l-201	28	1
K81433	GATCTG	Dot1l-201	28	1
K81433	GGTAAC	Dot1l-201	28	2
K81433	GTACAG	Dot1l-201	28	2
K81433	GTCTCA	Dot1l-201	28	1
K81433	GTGAAG	Dot1l-201	28	1
K81433	GTGACA	Dot1l-201	28	1
K81433	GTGATC	Dot1l-201	28	1
K81433	TAACGG	Dot1l-201	28	1
K81433	TCACAG	Dot1l-201	28	1
K81433	TCCGAA	Dot1l-201	28	1
K81433	TCTTGC	Dot1l-201	28	2
K81433	TGCAGA	Dot1l-201	28	1
K81433	TGGTGA	Dot1l-201	28	1
K81433	TGTCGA	Dot1l-201	28	1
K81433	TGTCTG	Dot1l-201	28	1
K81433	TTCCAG	Dot1l-201	28	3
K81434	AACTGG	Dot1l-201	28	1
K81434	AGTAGG	Dot1l-201	28	2
K81434	ATCCGA	Dot1l-201	28	1
K81434	ATGACC	Dot1l-201	28	1
K81434	CAATGC	Dot1l-201	28	2
K81434	CCAGTA	Dot1l-201	28	1
K81434	CCGTAA	Dot1l-201	28	3
K81434	CCTACA	Dot1l-201	28	1
K81434	CGAACA	Dot1l-201	28	1
K81434	CGTAAG	Dot1l-201	28	1
K81434	CGTTAC	Dot1l-201	28	2
K81434	CTCGAA	Dot1l-201	28	1
K81434	GAGGTA	Dot1l-201	28	1
K81434	GCATGA	Dot1l-201	28	2
K81434	GCCATA	Dot1l-201	28	2
K81434	GCGTTA	Dot1l-201	28	2
K81434	GCTCTA	Dot1l-201	28	1
K81434	GGCTTA	Dot1l-201	28	1
K81434	GGTAGA	Dot1l-201	28	1
K81434	GGTATG	Dot1l-201	28	2
K81434	TAGCTC	Dot1l-201	28	2
K81434	TATCCG	Dot1l-201	28	1
K81434	TTGCGA	Dot1l-201	28	1
K81434	TTGGAG	Dot1l-201	28	1
K81434	TTGGCA	Dot1l-201	28	1
K81434	TTGGTC	Dot1l-201	28	1
K81441	AACGAG	Dot1l-201	28	1
K81441	AAGCCA	Dot1l-201	28	1
K81441	ACAGTG	Dot1l-201	28	2
K81441	ACCATG	Dot1l-201	28	1
K81441	ACGTTG	Dot1l-201	28	1
K81441	ACTCGA	Dot1l-201	27	1
K81441	AGACTC	Dot1l-201	28	2
K81441	AGCTAG	Dot1l-201	28	2
K81441	AGCTCA	Dot1l-201	28	2
K81441	AGGAAG	Dot1l-201	28	1
K81441	AGGATC	Dot1l-201	28	2
K81441	AGTGCA	Dot1l-201	28	3
K81441	ATTGCG	Dot1l-201	28	1
K81441	CACTCA	Dot1l-201	28	1
K81441	CACTTC	Dot1l-201	28	1
K81441	CCACAA	Dot1l-201	28	1
K81441	CGAACA	Dot1l-201	28	1
K81441	CTAGGA	Dot1l-201	28	2
K81441	CTAGTG	Dot1l-201	28	2
K81441	GAAGAC	Dot1l-201	28	1
K81441	GAAGGA	Dot1l-201	28	3
K81441	GAGTGA	Dot1l-201	28	1
K81441	GAGTTG	Dot1l-201	28	1
K81441	GCAACA	Dot1l-201	28	1
K81441	GTACTC	Dot1l-201	28	1
K81441	GTATGC	Dot1l-201	28	1
K81441	GTCTCA	Dot1l-201	28	1
K81441	GTGAAG	Dot1l-201	28	2
K81441	TAACGG	Dot1l-201	28	2
K81441	TAGGAC	Dot1l-201	28	1
K81441	TAGTGG	Dot1l-201	28	1
K81441	TCCGAA	Dot1l-201	28	1
K81441	TCTTGC	Dot1l-201	28	1
K81441	TGAACC	Dot1l-201	28	2
K81441	TGCAGA	Dot1l-201	28	1
K81441	TGTCTG	Dot1l-201	27	1
K81441	TTCTCG	Dot1l-201	28	2
K81441	ACTCGA	Dot1l-205	4	1
K81441	TGTCTG	Dot1l-205	4	1
K81442	AACTGG	Dot1l-201	28	1
K81442	AAGGTG	Dot1l-201	28	1
K81442	ACAGAC	Dot1l-201	28	1
K81442	AGCGAA	Dot1l-201	28	1
K81442	AGGCTA	Dot1l-201	28	1
K81442	ATCCGA	Dot1l-201	28	1
K81442	ATGGAC	Dot1l-201	28	1
K81442	CAGGAA	Dot1l-201	28	1
K81442	CATTGG	Dot1l-201	28	2
K81442	CCAATC	Dot1l-201	28	1
K81442	CCATAG	Dot1l-201	28	1
K81442	CGCATA	Dot1l-201	28	2
K81442	CGTTAC	Dot1l-201	28	3
K81442	CTGCTA	Dot1l-201	28	2
K81442	GAGCAA	Dot1l-201	28	2
K81442	GAGGTA	Dot1l-201	28	1
K81442	GCAATG	Dot1l-201	28	1
K81442	GCAGAA	Dot1l-201	28	1
K81442	GCCATA	Dot1l-201	28	2
K81442	GGCTTA	Dot1l-201	28	1
K81442	GTAACC	Dot1l-201	28	1
K81442	GTATGC	Dot1l-204	3	1
K81442	GTTAGG	Dot1l-201	28	1
K81442	TACCGA	Dot1l-201	28	1
K81442	TGTAGC	Dot1l-201	28	1
K81442	TGTTGG	Dot1l-201	28	1
K81443	AACCTC	Dot1l-201	28	1
K81443	ACAGAC	Dot1l-201	28	1
K81443	ACAGGA	Dot1l-201	28	1
K81443	ACAGTG	Dot1l-201	28	1
K81443	ACCAGA	Dot1l-201	28	1
K81443	ACGTTG	Dot1l-201	28	3
K81443	AGACAG	Dot1l-201	28	1
K81443	AGCTCA	Dot1l-201	28	1
K81443	AGGATC	Dot1l-201	28	1
K81443	AGTAGG	Dot1l-201	28	1
K81443	ATCAGC	Dot1l-201	28	1
K81443	CACTTC	Dot1l-201	28	3
K81443	CAGAAG	Dot1l-201	27	1
K81443	CCATAG	Dot1l-201	28	1
K81443	CGTCTA	Dot1l-201	28	1
K81443	CTAAGC	Dot1l-201	28	1
K81443	CTATCC	Dot1l-201	28	2
K81443	GAAGAC	Dot1l-201	28	2
K81443	GAAGGA	Dot1l-201	28	1
K81443	GACAGA	Dot1l-201	28	3
K81443	GAGTGA	Dot1l-201	28	2
K81443	GCTAAG	Dot1l-201	28	1
K81443	GTACCA	Dot1l-201	28	2
K81443	GTGAAG	Dot1l-201	28	2
K81443	GTGACA	Dot1l-201	28	1
K81443	TAGTGG	Dot1l-201	28	2
K81443	TGAACC	Dot1l-201	28	1
K81443	TGAAGG	Dot1l-201	28	1
K81443	TGCAAC	Dot1l-201	28	1
K81443	TGCAGA	Dot1l-201	28	1
K81443	TGGTTG	Dot1l-201	28	1
K81443	TGTCTG	Dot1l-203	2	1
K81443	CAGAAG	Dot1l-205	4	1
K81444	AACACC	Dot1l-201	28	1
K81444	AGAACG	Dot1l-201	28	1
K81444	AGATGC	Dot1l-201	28	1
K81444	AGGCTA	Dot1l-201	28	1
K81444	ATCAGC	Dot1l-201	28	1
K81444	ATCCAC	Dot1l-201	28	1
K81444	ATCGCA	Dot1l-201	28	1
K81444	ATGACC	Dot1l-201	28	1
K81444	CATTGG	Dot1l-201	28	1
K81444	CCATCA	Dot1l-201	28	1
K81444	CCGATA	Dot1l-201	27	1
K81444	CCGATA	Dot1l-201	28	1
K81444	CCGTAA	Dot1l-201	28	1
K81444	CGAACA	Dot1l-201	28	1
K81444	CGTAAG	Dot1l-201	28	2
K81444	CTGCTA	Dot1l-201	28	3
K81444	GAGCAA	Dot1l-201	28	1
K81444	GATTGC	Dot1l-201	28	3
K81444	GCAATG	Dot1l-201	28	1
K81444	GCGTTA	Dot1l-201	28	1
K81444	GCTCTA	Dot1l-201	28	2
K81444	GCTTAC	Dot1l-201	28	1
K81444	GCTTCA	Dot1l-201	28	2
K81444	GGATAC	Dot1l-201	28	1
K81444	GGTGTA	Dot1l-201	28	1
K81444	TACCAC	Dot1l-201	28	1
K81444	TACCGA	Dot1l-201	28	2
K81444	TATCCG	Dot1l-201	28	1
K81444	TCAACG	Dot1l-201	28	1
K81444	TGTTCC	Dot1l-201	28	2
K81444	TGTTGG	Dot1l-201	28	2
K81444	TTACGC	Dot1l-201	28	1
K81444	TTCGAC	Dot1l-201	28	2
K81444	TTGGAG	Dot1l-201	28	1
K81444	TTGGCA	Dot1l-201	28	1
K81444	CCGATA	Dot1l-205	4	1
