library	barcode	Dot1l-201	Dot1l-203	Dot1l-204	Dot1l-205	Dot1l-201.27	Dot1l-201.28	Dot1l-201.4	Dot1l-203.2	Dot1l-204.3	Dot1l-205.4	Dot1l-205.5
C81711	ACAGGA	1	0	0	0	0	1	0	0	0	0	0
C81711	ACTTCG	1	0	0	0	0	1	0	0	0	0	0
C81711	AGAACG	1	0	0	0	0	1	0	0	0	0	0
C81711	AGCTCA	1	0	0	0	0	1	0	0	0	0	0
C81711	AGCTTC	1	0	0	0	0	1	0	0	0	0	0
C81711	AGTGCA	2	0	0	0	0	2	0	0	0	0	0
C81711	ATCACG	1	0	0	0	0	1	0	0	0	0	0
C81711	CCATAG	1	0	0	0	0	1	0	0	0	0	0
C81711	CTAAGC	1	0	0	0	0	1	0	0	0	0	0
C81711	CTAGGA	1	0	0	0	0	1	0	0	0	0	0
C81711	CTCATG	1	0	0	0	0	1	0	0	0	0	0
C81711	CTTCGA	1	0	0	0	0	1	0	0	0	0	0
C81711	GAAGAC	1	0	0	0	0	1	0	0	0	0	0
C81711	GAATCC	1	0	0	0	0	1	0	0	0	0	0
C81711	GACAGA	1	0	0	0	0	1	0	0	0	0	0
C81711	GCAACA	1	0	0	0	0	1	0	0	0	0	0
C81711	GGCTTA	1	0	0	0	0	1	0	0	0	0	0
C81711	GTACTC	3	0	0	0	0	3	0	0	0	0	0
C81711	TCACAG	1	0	0	0	0	1	0	0	0	0	0
C81711	TGAGGA	2	0	0	0	0	2	0	0	0	0	0
C81711	TGTCTG	1	0	0	0	0	1	0	0	0	0	0
C81711	TGTTGG	1	0	0	0	0	1	0	0	0	0	0
C81711	TTCCAG	1	0	0	0	0	1	0	0	0	0	0
C81712	AACACC	1	0	0	0	0	1	0	0	0	0	0
C81712	AGAACG	1	0	0	0	0	1	0	0	0	0	0
C81712	AGCGAA	1	0	0	0	0	1	0	0	0	0	0
C81712	AGTACC	1	0	0	0	0	1	0	0	0	0	0
C81712	ATCAGC	1	0	0	0	0	1	0	0	0	0	0
C81712	ATCCAC	3	0	0	0	0	3	0	0	0	0	0
C81712	ATCGTG	1	0	0	0	0	1	0	0	0	0	0
C81712	ATCTCC	1	0	0	0	0	1	0	0	0	0	0
C81712	ATGACC	1	0	0	0	0	0	1	0	0	0	0
C81712	ATGAGG	1	0	0	0	0	1	0	0	0	0	0
C81712	ATGGAC	2	1	0	0	0	2	0	1	0	0	0
C81712	CAATGC	3	0	0	0	0	3	0	0	0	0	0
C81712	CCAATC	1	0	0	0	0	1	0	0	0	0	0
C81712	CCATCA	1	0	0	0	0	1	0	0	0	0	0
C81712	CCGATA	1	0	0	0	0	1	0	0	0	0	0
C81712	CCGTAA	2	0	0	0	0	2	0	0	0	0	0
C81712	CCTACA	1	0	0	0	0	1	0	0	0	0	0
C81712	CCTTGA	2	0	0	0	0	2	0	0	0	0	0
C81712	CGGTTA	1	0	0	0	0	1	0	0	0	0	0
C81712	CGTTCA	1	0	0	0	0	1	0	0	0	0	0
C81712	GAGGTA	2	0	0	0	0	2	0	0	0	0	0
C81712	GCATTC	1	0	0	0	0	1	0	0	0	0	0
C81712	GCTCTA	1	0	0	0	0	1	0	0	0	0	0
C81712	GGATCA	1	0	0	0	0	1	0	0	0	0	0
C81712	GGTGTA	2	0	0	0	0	2	0	0	0	0	0
C81712	TACCAC	1	0	0	0	0	1	0	0	0	0	0
C81712	TAGCTC	1	0	0	0	0	1	0	0	0	0	0
C81712	TATCGC	1	0	0	0	0	1	0	0	0	0	0
C81712	TTGCTG	2	0	0	0	0	2	0	0	0	0	0
C81712	TTGGAG	1	0	0	0	0	1	0	0	0	0	0
C81713	AACCTC	1	0	0	0	0	1	0	0	0	0	0
C81713	ACAGTG	1	0	0	0	0	1	0	0	0	0	0
C81713	ACTCAC	1	0	0	0	0	1	0	0	0	0	0
C81713	AGCTTC	1	0	0	0	0	1	0	0	0	0	0
C81713	AGGAAG	2	0	0	0	0	2	0	0	0	0	0
C81713	AGTGCA	1	0	0	0	0	1	0	0	0	0	0
C81713	ATCACG	1	0	0	0	0	1	0	0	0	0	0
C81713	ATGTCG	2	0	0	0	0	2	0	0	0	0	0
C81713	CACTCA	1	0	0	0	0	1	0	0	0	0	0
C81713	CAGAAG	1	0	0	0	0	1	0	0	0	0	0
C81713	CCATAG	1	0	0	0	0	1	0	0	0	0	0
C81713	CGATGA	1	0	0	0	0	1	0	0	0	0	0
C81713	CGATTG	1	0	0	0	0	1	0	0	0	0	0
C81713	CTAGAC	1	0	0	0	0	1	0	0	0	0	0
C81713	CTTCGA	2	0	0	0	0	2	0	0	0	0	0
C81713	GAATCC	1	0	0	0	0	1	0	0	0	0	0
C81713	GACAAC	2	0	0	0	0	2	0	0	0	0	0
C81713	GAGTTG	1	0	0	0	0	1	0	0	0	0	0
C81713	TAGTGG	1	1	0	0	0	1	0	1	0	0	0
C81713	TCATCC	1	0	0	0	0	1	0	0	0	0	0
C81713	TGAAGG	1	0	0	0	0	1	0	0	0	0	0
C81713	TGCAAC	1	0	0	0	0	1	0	0	0	0	0
C81713	TGCAGA	2	0	0	0	0	2	0	0	0	0	0
C81714	AACTGG	1	0	0	0	0	1	0	0	0	0	0
C81714	ACATGG	2	0	0	0	0	2	0	0	0	0	0
C81714	ATCAGC	1	0	0	0	0	1	0	0	0	0	0
C81714	ATCCAC	1	0	0	0	0	1	0	0	0	0	0
C81714	ATCGCA	1	0	0	0	0	1	0	0	0	0	0
C81714	ATGCAG	1	0	0	0	0	1	0	0	0	0	0
C81714	CAGGAA	1	0	0	0	0	1	0	0	0	0	0
C81714	CATTGG	2	0	0	0	0	2	0	0	0	0	0
C81714	CCAGTA	1	0	0	0	0	1	0	0	0	0	0
C81714	CCGATA	1	0	0	0	0	1	0	0	0	0	0
C81714	CCTATG	3	0	0	0	0	3	0	0	0	0	0
C81714	CGTTAC	1	0	0	0	0	1	0	0	0	0	0
C81714	GCAGAA	2	0	0	0	0	2	0	0	0	0	0
C81714	GCCATA	1	0	0	0	0	1	0	0	0	0	0
C81714	GCTAAG	2	0	0	0	0	2	0	0	0	0	0
C81714	GCTTAC	3	0	0	0	0	3	0	0	0	0	0
C81714	GGTTAG	1	0	0	0	0	1	0	0	0	0	0
C81714	GTAACC	1	0	0	0	0	1	0	0	0	0	0
C81714	TTACGC	1	0	0	0	0	1	0	0	0	0	0
C81714	TTGCAC	1	0	0	0	0	1	0	0	0	0	0
C81714	TTGGTC	1	0	0	0	0	1	0	0	0	0	0
C81721	ACAGTG	2	0	0	0	0	2	0	0	0	0	0
C81721	ACTCAC	1	0	0	0	0	1	0	0	0	0	0
C81721	AGACCA	2	0	0	0	0	2	0	0	0	0	0
C81721	AGCTAG	3	0	0	0	0	3	0	0	0	0	0
C81721	AGCTTC	1	0	0	0	0	1	0	0	0	0	0
C81721	AGGATC	3	0	0	0	0	3	0	0	0	0	0
C81721	ATCACG	1	0	0	0	0	1	0	0	0	0	0
C81721	CACCAA	1	0	0	0	0	1	0	0	0	0	0
C81721	CAGAAG	1	0	0	0	0	1	0	0	0	0	0
C81721	CATGCA	1	0	0	0	0	1	0	0	0	0	0
C81721	CGATGA	1	0	0	0	0	1	0	0	0	0	0
C81721	CTATCC	1	0	0	0	0	1	0	0	0	0	0
C81721	CTCAGA	1	0	0	0	0	1	0	0	0	0	0
C81721	GAAGAC	1	0	0	0	0	1	0	0	0	0	0
C81721	GAAGGA	1	0	0	0	0	1	0	0	0	0	0
C81721	GACAAC	1	0	0	0	0	1	0	0	0	0	0
C81721	GAGTGA	1	0	0	0	0	1	0	0	0	0	0
C81721	GATCTG	2	0	0	0	0	2	0	0	0	0	0
C81721	GTACCA	1	0	0	0	0	1	0	0	0	0	0
C81721	GTGGAA	1	0	0	0	0	1	0	0	0	0	0
C81721	TCATCC	1	0	0	0	0	1	0	0	0	0	0
C81721	TGAACC	1	0	0	0	0	1	0	0	0	0	0
C81721	TGAAGG	1	0	0	0	0	1	0	0	0	0	0
C81721	TGAGGA	1	0	0	0	0	1	0	0	0	0	0
C81721	TTGCGA	1	0	0	0	0	1	0	0	0	0	0
C81721	TTGTGC	1	0	0	0	0	1	0	0	0	0	0
C81722	AAGGTG	1	0	0	0	0	1	0	0	0	0	0
C81722	AAGTGC	3	0	0	0	0	3	0	0	0	0	0
C81722	AGACTC	1	0	0	0	0	1	0	0	0	0	0
C81722	AGATGC	1	0	0	0	0	1	0	0	0	0	0
C81722	ATACGG	2	0	0	0	0	2	0	0	0	0	0
C81722	CATTGG	1	0	0	0	0	1	0	0	0	0	0
C81722	CCTTGA	2	0	0	0	0	2	0	0	0	0	0
C81722	CGCTAA	1	0	0	0	0	1	0	0	0	0	0
C81722	CGTAAG	1	0	0	0	0	1	0	0	0	0	0
C81722	CGTTAC	1	0	0	0	0	1	0	0	0	0	0
C81722	CGTTCA	2	0	0	0	0	2	0	0	0	0	0
C81722	GATTGC	1	0	0	0	0	1	0	0	0	0	0
C81722	GCAATG	1	0	0	0	0	1	0	0	0	0	0
C81722	GCAGAA	1	0	0	0	0	1	0	0	0	0	0
C81722	GGAATC	1	0	0	0	0	1	0	0	0	0	0
C81722	GGATAC	3	0	0	0	0	3	0	0	0	0	0
C81722	GGTATG	1	0	0	0	0	1	0	0	0	0	0
C81722	GTAACC	1	0	0	0	0	1	0	0	0	0	0
C81722	GTATCG	1	0	0	0	0	1	0	0	0	0	0
C81722	GTTAGG	2	0	0	0	0	2	0	0	0	0	0
C81722	TCAACG	2	0	0	0	0	2	0	0	0	0	0
C81722	TGATCG	1	0	0	0	0	1	0	0	0	0	0
C81722	TTACGC	1	0	0	0	0	1	0	0	0	0	0
C81723	AACGAG	2	0	0	0	0	2	0	0	0	0	0
C81723	AAGCCA	1	0	0	0	0	1	0	0	0	0	0
C81723	ACAAGC	1	0	0	0	0	1	0	0	0	0	0
C81723	AGCTTC	1	0	0	0	0	1	0	0	0	0	0
C81723	AGTGCA	1	0	0	0	0	1	0	0	0	0	0
C81723	ATCACG	1	0	0	0	0	1	0	0	0	0	0
C81723	CATGTC	1	0	0	0	0	1	0	0	0	0	0
C81723	CCACAA	1	0	0	0	0	1	0	0	0	0	0
C81723	CCATAG	1	0	0	0	0	1	0	0	0	0	0
C81723	CTAAGC	1	0	0	0	0	1	0	0	0	0	0
C81723	CTGTTG	1	0	0	0	0	1	0	0	0	0	0
C81723	GACAAC	1	0	0	0	0	1	0	0	0	0	0
C81723	GAGTGA	1	0	0	0	0	1	0	0	0	0	0
C81723	GATCGA	3	0	0	0	0	3	0	0	0	0	0
C81723	GGATCA	1	0	0	0	0	1	0	0	0	0	0
C81723	GGTATG	1	0	0	0	0	1	0	0	0	0	0
C81723	GTGGAA	1	0	0	0	0	1	0	0	0	0	0
C81723	TCCGAA	1	0	0	0	0	1	0	0	0	0	0
C81723	TGTCTG	1	0	0	0	0	1	0	0	0	0	0
C81723	TTCACC	1	0	0	0	0	1	0	0	0	0	0
C81723	TTGTGC	1	0	0	0	0	1	0	0	0	0	0
C81724	AGCTTC	1	0	0	0	0	1	0	0	0	0	0
C81724	ATACGG	2	0	0	0	0	2	0	0	0	0	0
C81724	ATCAGC	1	0	0	0	0	1	0	0	0	0	0
C81724	ATCGCA	1	0	0	0	0	1	0	0	0	0	0
C81724	ATCTCC	1	0	0	0	0	1	0	0	0	0	0
C81724	ATGCTC	1	0	0	0	0	1	0	0	0	0	0
C81724	ATTCGC	2	0	0	0	0	2	0	0	0	0	0
C81724	CAATGC	1	0	0	0	0	1	0	0	0	0	0
C81724	CCAGTA	2	0	0	0	0	2	0	0	0	0	0
C81724	CGAACA	1	0	0	0	0	1	0	0	0	0	0
C81724	CGGTTA	1	0	0	0	0	1	0	0	0	0	0
C81724	CGTAAG	1	0	0	0	0	1	0	0	0	0	0
C81724	CTGCTA	1	0	0	0	0	1	0	0	0	0	0
C81724	GATTGC	2	0	0	0	0	2	0	0	0	0	0
C81724	GCAGAA	1	0	0	0	0	1	0	0	0	0	0
C81724	GCATTC	2	0	0	0	0	2	0	0	0	0	0
C81724	GGTTAG	4	0	0	0	0	4	0	0	0	0	0
C81724	GTAACC	2	0	0	0	0	2	0	0	0	0	0
C81724	TACGCA	1	0	0	0	0	1	0	0	0	0	0
C81724	TAGCTC	1	0	0	0	0	1	0	0	0	0	0
C81724	TGATCG	1	0	0	0	0	1	0	0	0	0	0
C81724	TTACGC	1	0	0	0	0	1	0	0	0	0	0
C81724	TTCGAC	1	0	0	0	0	1	0	0	0	0	0
C81724	TTGCAC	1	0	0	0	0	1	0	0	0	0	0
C81731	ACAAGC	2	0	0	0	0	2	0	0	0	0	0
C81731	ACAGGA	2	0	0	0	0	2	0	0	0	0	0
C81731	ACAGTG	1	0	0	0	0	1	0	0	0	0	0
C81731	AGACAG	1	0	0	0	0	1	0	0	0	0	0
C81731	AGCTAG	1	0	0	0	0	1	0	0	0	0	0
C81731	AGCTCA	1	0	0	0	0	1	0	0	0	0	0
C81731	AGCTTC	1	0	0	0	0	1	0	0	0	0	0
C81731	AGGACA	1	0	0	0	0	1	0	0	0	0	0
C81731	AGGATC	1	0	0	0	0	1	0	0	0	0	0
C81731	ATCGTG	1	0	0	0	0	1	0	0	0	0	0
C81731	CGATTG	1	0	0	0	0	1	0	0	0	0	0
C81731	CGTCTA	1	0	0	0	0	1	0	0	0	0	0
C81731	CTAAGC	1	0	0	0	0	1	0	0	0	0	0
C81731	CTATCC	1	0	0	0	0	1	0	0	0	0	0
C81731	CTGTTG	2	0	0	0	0	2	0	0	0	0	0
C81731	GAATCC	1	0	0	0	0	1	0	0	0	0	0
C81731	GAATGG	1	0	0	0	0	1	0	0	0	0	0
C81731	GACGAA	1	0	0	0	0	1	0	0	0	0	0
C81731	GAGTTG	2	0	0	0	0	2	0	0	0	0	0
C81731	GATCTG	1	0	0	0	0	1	0	0	0	0	0
C81731	GTACAG	2	0	0	0	0	2	0	0	0	0	0
C81731	GTCTCA	1	0	0	0	0	1	0	0	0	0	0
C81731	GTTAGG	1	0	0	0	0	1	0	0	0	0	0
C81731	GTTGAG	1	0	0	0	0	1	0	0	0	0	0
C81731	TCACAG	3	0	0	0	0	3	0	0	0	0	0
C81731	TCTTGC	1	0	0	0	0	1	0	0	0	0	0
C81731	TGAACC	1	0	0	0	0	1	0	0	0	0	0
C81731	TGTCGA	1	0	0	0	0	1	0	0	0	0	0
C81731	TTCTCG	1	0	0	0	0	1	0	0	0	0	0
C81731	TTGTGC	2	0	0	0	0	2	0	0	0	0	0
C81732	ACGGTA	2	0	0	0	0	2	0	0	0	0	0
C81732	AGAACG	2	0	0	0	0	2	0	0	0	0	0
C81732	AGGCTA	1	0	0	0	0	1	0	0	0	0	0
C81732	ATCTCC	1	0	0	0	0	1	0	0	0	0	0
C81732	ATGACC	1	0	0	0	0	1	0	0	0	0	0
C81732	ATGAGG	1	0	0	0	0	1	0	0	0	0	0
C81732	CACGTA	2	0	0	0	0	2	0	0	0	0	0
C81732	CAGGAA	1	0	0	0	0	1	0	0	0	0	0
C81732	CATTGG	2	0	0	0	0	2	0	0	0	0	0
C81732	CCAATC	2	0	0	0	0	2	0	0	0	0	0
C81732	CCGATA	1	0	0	0	0	1	0	0	0	0	0
C81732	CCTACA	1	0	0	0	0	1	0	0	0	0	0
C81732	CCTATG	1	0	0	0	0	1	0	0	0	0	0
C81732	CCTTGA	1	0	0	0	0	1	0	0	0	0	0
C81732	CGGTTA	2	0	0	0	0	2	0	0	0	0	0
C81732	CGTAAG	1	0	0	0	0	1	0	0	0	0	0
C81732	CGTTAC	1	0	0	0	0	1	0	0	0	0	0
C81732	CTAACG	1	0	0	0	0	1	0	0	0	0	0
C81732	GAGCAA	1	0	0	0	0	1	0	0	0	0	0
C81732	GCATTC	3	0	0	0	0	3	0	0	0	0	0
C81732	GCCATA	1	0	0	0	0	1	0	0	0	0	0
C81732	GCTTAC	1	0	0	0	0	1	0	0	0	0	0
C81732	GGTTAG	1	0	0	0	0	1	0	0	0	0	0
C81732	GTATGC	1	0	0	0	0	1	0	0	0	0	0
C81732	TAGCTC	2	0	0	0	0	2	0	0	0	0	0
C81732	TATCGC	2	0	0	0	0	2	0	0	0	0	0
C81732	TGTAGC	1	0	0	0	0	1	0	0	0	0	0
C81732	TGTTCC	2	0	0	0	0	2	0	0	0	0	0
C81732	TTCGAC	2	0	0	0	0	2	0	0	0	0	0
C81732	TTGCGA	1	0	0	0	0	1	0	0	0	0	0
C81732	TTGCTG	2	0	0	0	0	2	0	0	0	0	0
C81732	TTGGCA	1	0	0	0	0	1	0	0	0	0	0
C81733	AACCTC	1	0	0	0	0	1	0	0	0	0	0
C81733	ACAGTG	1	0	0	0	0	1	0	0	0	0	0
C81733	ACCAAC	1	0	0	0	0	1	0	0	0	0	0
C81733	ACTCGA	1	0	0	0	0	1	0	0	0	0	0
C81733	ACTTCG	1	0	0	0	0	1	0	0	0	0	0
C81733	AGACAG	1	0	0	0	0	1	0	0	0	0	0
C81733	AGACTC	2	0	0	0	0	2	0	0	0	0	0
C81733	AGGATC	1	0	0	0	0	1	0	0	0	0	0
C81733	AGTGTC	1	0	0	0	0	1	0	0	0	0	0
C81733	ATTGCG	1	0	0	0	0	1	0	0	0	0	0
C81733	CACTTC	2	0	0	0	0	2	0	0	0	0	0
C81733	CATGTC	1	0	0	0	0	1	0	0	0	0	0
C81733	CCACAA	1	0	0	0	0	1	0	0	0	0	0
C81733	CCATAG	2	0	0	0	0	2	0	0	0	0	0
C81733	CTAAGC	1	0	0	0	0	1	0	0	0	0	0
C81733	CTCAGA	1	0	0	0	0	1	0	0	0	0	0
C81733	GAATCC	0	1	0	0	0	0	0	1	0	0	0
C81733	GAATGG	1	0	0	0	0	1	0	0	0	0	0
C81733	GACGAA	1	0	0	0	0	1	0	0	0	0	0
C81733	GTACAG	2	0	0	0	0	2	0	0	0	0	0
C81733	GTACTC	1	0	0	0	0	1	0	0	0	0	0
C81733	GTCTCA	1	0	0	0	0	1	0	0	0	0	0
C81733	GTGACA	1	0	0	0	0	1	0	0	0	0	0
C81733	TCCGAA	2	0	0	0	0	2	0	0	0	0	0
C81733	TCTTGC	1	0	0	0	0	1	0	0	0	0	0
C81733	TGAAGG	1	0	0	0	0	1	0	0	0	0	0
C81733	TGAGGA	1	0	0	0	0	1	0	0	0	0	0
C81733	TGGTGA	1	0	0	0	0	1	0	0	0	0	0
C81733	TTCACC	1	0	0	0	0	1	0	0	0	0	0
C81733	TTGTGC	2	0	0	0	0	2	0	0	0	0	0
C81734	AACACC	2	0	0	0	0	2	0	0	0	0	0
C81734	AACTGG	2	0	0	0	0	2	0	0	0	0	0
C81734	ATCAGC	1	0	0	0	0	1	0	0	0	0	0
C81734	CAATGC	1	0	0	0	0	1	0	0	0	0	0
C81734	CCGATA	1	0	0	0	0	1	0	0	0	0	0
C81734	CGTAAG	1	0	0	0	0	1	0	0	0	0	0
C81734	CGTTAC	3	0	0	0	0	3	0	0	0	0	0
C81734	CTAACG	1	0	0	0	0	1	0	0	0	0	0
C81734	GCCATA	1	0	0	0	0	1	0	0	0	0	0
C81734	GGTAGA	1	0	0	0	0	1	0	0	0	0	0
C81734	TACAGG	1	0	0	0	0	1	0	0	0	0	0
C81734	TATCCG	1	0	0	0	0	1	0	0	0	0	0
C81734	TATCGC	1	0	0	0	0	1	0	0	0	0	0
C81734	TGATCG	1	0	0	0	0	1	0	0	0	0	0
C81734	TGTAGC	2	0	0	0	0	2	0	0	0	0	0
C81734	TTCGAC	3	0	0	0	0	3	0	0	0	0	0
C81734	TTGCGA	1	0	0	0	0	1	0	0	0	0	0
C81734	TTGGTC	1	0	0	0	0	1	0	0	0	0	0
C81741	ACAAGC	1	0	0	0	0	1	0	0	0	0	0
C81741	ACAGAC	1	0	0	0	0	1	0	0	0	0	0
C81741	ACAGTG	2	0	0	0	0	2	0	0	0	0	0
C81741	ACCATG	1	0	0	0	0	1	0	0	0	0	0
C81741	ACTCTG	1	0	0	0	0	1	0	0	0	0	0
C81741	AGACCA	1	0	0	0	0	1	0	0	0	0	0
C81741	AGACTC	1	0	0	0	0	1	0	0	0	0	0
C81741	AGCTAG	1	0	0	0	0	1	0	0	0	0	0
C81741	AGGAAG	2	0	0	0	0	2	0	0	0	0	0
C81741	AGTGTC	1	0	0	0	0	1	0	0	0	0	0
C81741	ATGTCG	1	0	0	0	0	1	0	0	0	0	0
C81741	CCACAA	1	0	0	0	0	1	0	0	0	0	0
C81741	CCATAG	1	0	0	0	0	1	0	0	0	0	0
C81741	CTAGAC	2	0	0	0	0	2	0	0	0	0	0
C81741	CTAGTG	1	0	0	0	0	1	0	0	0	0	0
C81741	CTCAGA	1	0	0	0	0	1	0	0	0	0	0
C81741	CTCATG	2	0	0	0	0	2	0	0	0	0	0
C81741	CTTCGA	2	0	0	0	0	2	0	0	0	0	0
C81741	GAAGAC	1	0	0	0	0	1	0	0	0	0	0
C81741	GAATGG	1	0	0	0	0	1	0	0	0	0	0
C81741	GACAAC	1	0	0	0	0	1	0	0	0	0	0
C81741	GAGTGA	1	0	0	0	0	1	0	0	0	0	0
C81741	GATACG	1	0	0	0	0	1	0	0	0	0	0
C81741	GCATTC	1	0	0	0	0	1	0	0	0	0	0
C81741	GGACAA	1	0	0	0	0	1	0	0	0	0	0
C81741	GGTAAC	1	0	0	0	0	1	0	0	0	0	0
C81741	GGTTAG	1	0	0	0	0	1	0	0	0	0	0
C81741	GTACCA	1	0	0	0	0	1	0	0	0	0	0
C81741	TCATCC	3	0	0	0	0	3	0	0	0	0	0
C81741	TCCGAA	1	0	0	0	0	1	0	0	0	0	0
C81741	TGAACC	2	0	0	0	0	2	0	0	0	0	0
C81741	TGAAGG	2	0	0	0	0	2	0	0	0	0	0
C81741	TGGTGA	1	0	0	0	0	1	0	0	0	0	0
C81741	TGTCGA	1	0	0	0	0	1	0	0	0	0	0
C81741	TGTCTG	1	0	0	0	0	1	0	0	0	0	0
C81741	TTCACC	2	0	0	0	0	2	0	0	0	0	0
C81741	TTCCAG	1	0	0	0	0	1	0	0	0	0	0
C81741	TTCTCG	2	0	0	0	0	2	0	0	0	0	0
C81742	AACTGG	1	0	0	0	0	1	0	0	0	0	0
C81742	AAGTGC	1	0	0	0	0	1	0	0	0	0	0
C81742	ACATGG	1	0	0	0	0	1	0	0	0	0	0
C81742	AGCGAA	1	0	0	0	0	1	0	0	0	0	0
C81742	ATCCGA	1	0	0	0	0	1	0	0	0	0	0
C81742	ATCTCC	1	0	0	0	0	1	0	0	0	0	0
C81742	ATGCTC	1	0	0	0	0	1	0	0	0	0	0
C81742	CAATGC	1	0	0	0	0	1	0	0	0	0	0
C81742	CCTGAA	1	0	0	0	0	1	0	0	0	0	0
C81742	CGCATA	1	0	0	0	0	1	0	0	0	0	0
C81742	CGCTAA	1	0	0	0	0	1	0	0	0	0	0
C81742	CGGTTA	1	0	0	0	0	1	0	0	0	0	0
C81742	GATTGC	2	0	0	0	0	2	0	0	0	0	0
C81742	GCATTC	1	0	0	0	0	1	0	0	0	0	0
C81742	GCCATA	2	0	0	0	0	2	0	0	0	0	0
C81742	GCTAAG	1	0	0	0	0	1	0	0	0	0	0
C81742	GCTTCA	1	0	0	0	0	1	0	0	0	0	0
C81742	GGAATC	1	0	0	0	0	1	0	0	0	0	0
C81742	GGATCA	1	0	0	0	0	1	0	0	0	0	0
C81742	GGTTAG	1	0	0	0	0	1	0	0	0	0	0
C81742	GTATCG	1	0	0	0	0	1	0	0	0	0	0
C81742	GTTAGG	2	0	0	0	0	2	0	0	0	0	0
C81742	TACCAC	1	0	0	0	0	1	0	0	0	0	0
C81742	TACCGA	2	0	0	0	0	2	0	0	0	0	0
C81742	TATCGC	2	0	0	0	0	2	0	0	0	0	0
C81742	TGATCG	1	0	0	0	0	1	0	0	0	0	0
C81742	TTACGC	1	0	0	0	0	1	0	0	0	0	0
C81742	TTGCAC	1	0	0	0	0	1	0	0	0	0	0
C81742	TTGGAG	1	0	0	0	0	1	0	0	0	0	0
C81742	TTGGCA	1	0	0	0	0	1	0	0	0	0	0
C81743	AACCTC	2	0	0	0	0	2	0	0	0	0	0
C81743	AAGCCA	1	0	0	0	0	1	0	0	0	0	0
C81743	ACAGAC	1	0	0	0	0	1	0	0	0	0	0
C81743	ACCAAC	1	0	0	0	0	1	0	0	0	0	0
C81743	ACGTTG	1	0	0	0	0	1	0	0	0	0	0
C81743	ACTCGA	2	0	0	0	0	2	0	0	0	0	0
C81743	ACTTCG	1	0	0	0	0	1	0	0	0	0	0
C81743	AGACAG	1	0	0	0	0	1	0	0	0	0	0
C81743	AGCTCA	1	0	0	0	0	1	0	0	0	0	0
C81743	AGGAAG	2	0	0	0	0	2	0	0	0	0	0
C81743	AGTGCA	1	0	0	0	0	1	0	0	0	0	0
C81743	AGTGTC	1	0	0	0	0	1	0	0	0	0	0
C81743	CAGAAG	1	0	0	0	0	1	0	0	0	0	0
C81743	CAGGAA	1	0	0	0	0	1	0	0	0	0	0
C81743	CCACAA	1	0	0	0	0	1	0	0	0	0	0
C81743	CCAGTA	1	0	0	0	0	1	0	0	0	0	0
C81743	CGTCTA	1	0	0	0	0	1	0	0	0	0	0
C81743	CTAGAC	1	0	0	0	0	1	0	0	0	0	0
C81743	CTAGTG	1	0	0	0	0	1	0	0	0	0	0
C81743	CTCATG	1	0	0	0	0	1	0	0	0	0	0
C81743	CTGTTG	1	0	0	0	0	1	0	0	0	0	0
C81743	CTTCGA	1	0	0	0	0	1	0	0	0	0	0
C81743	GAAGAC	2	0	0	0	0	2	0	0	0	0	0
C81743	GAATCC	1	0	0	0	0	1	0	0	0	0	0
C81743	GTGATC	1	0	0	0	0	1	0	0	0	0	0
C81743	TAACGG	1	0	0	0	0	1	0	0	0	0	0
C81743	TCTTGC	2	0	0	0	0	2	0	0	0	0	0
C81743	TGAACC	1	0	0	0	0	1	0	0	0	0	0
C81744	AACTGG	1	0	0	0	0	1	0	0	0	0	0
C81744	ACATGG	1	0	0	0	0	1	0	0	0	0	0
C81744	ACGGTA	1	0	0	0	0	1	0	0	0	0	0
C81744	AGAACG	1	0	0	0	0	1	0	0	0	0	0
C81744	AGATGC	1	0	0	0	0	1	0	0	0	0	0
C81744	AGTACC	1	0	0	0	0	1	0	0	0	0	0
C81744	ATCAGC	3	0	0	0	0	3	0	0	0	0	0
C81744	ATCGTG	1	0	0	0	0	1	0	0	0	0	0
C81744	ATGAGG	2	0	0	0	0	2	0	0	0	0	0
C81744	ATGGAC	1	0	0	0	0	1	0	0	0	0	0
C81744	CACGTA	2	0	0	0	0	2	0	0	0	0	0
C81744	CAGGAA	2	0	0	0	0	2	0	0	0	0	0
C81744	CCGTAA	1	0	0	0	0	1	0	0	0	0	0
C81744	CGCATA	3	0	0	0	0	3	0	0	0	0	0
C81744	CGTAAG	1	0	0	0	0	1	0	0	0	0	0
C81744	CGTTAC	1	0	0	0	0	1	0	0	0	0	0
C81744	CGTTCA	0	0	1	0	0	0	0	0	1	0	0
C81744	CTCGAA	3	0	0	0	0	3	0	0	0	0	0
C81744	CTGCTA	1	0	0	0	0	1	0	0	0	0	0
C81744	GAGGTA	1	0	0	0	0	1	0	0	0	0	0
C81744	GCGTTA	2	0	0	0	0	2	0	0	0	0	0
C81744	GCTTCA	2	0	0	0	0	2	0	0	0	0	0
C81744	GTAACC	1	0	0	0	0	1	0	0	0	0	0
C81744	GTATCG	3	0	0	0	0	3	0	0	0	0	0
C81744	TAGCTC	2	0	0	0	0	2	0	0	0	0	0
C81744	TATCGC	4	0	0	0	0	4	0	0	0	0	0
C81744	TCTAGG	2	0	0	0	0	2	0	0	0	0	0
C81744	TGTAGC	1	0	0	0	0	1	0	0	0	0	0
C81744	TGTTGG	1	0	0	0	0	1	0	0	0	0	0
C81744	TTGCAC	1	0	0	0	0	1	0	0	0	0	0
C81744	TTGCGA	1	0	0	0	0	1	0	0	0	0	0
C81744	TTGGTC	4	0	0	2	2	2	0	0	0	2	0
K81312	AACACC	3	0	0	0	0	3	0	0	0	0	0
K81312	AACTGG	4	0	0	0	0	4	0	0	0	0	0
K81312	ACATGG	1	0	0	0	0	1	0	0	0	0	0
K81312	ACGGTA	1	0	0	0	0	1	0	0	0	0	0
K81312	AGAACG	2	0	0	0	0	2	0	0	0	0	0
K81312	AGACAG	1	0	0	0	0	1	0	0	0	0	0
K81312	AGCGAA	1	0	0	0	0	1	0	0	0	0	0
K81312	AGGCTA	2	0	0	0	0	2	0	0	0	0	0
K81312	AGTAGG	2	0	0	0	0	2	0	0	0	0	0
K81312	ATACGG	1	0	0	0	0	1	0	0	0	0	0
K81312	ATCAGC	3	0	0	0	0	3	0	0	0	0	0
K81312	ATCGCA	1	0	0	0	0	1	0	0	0	0	0
K81312	ATCTCC	1	0	0	0	0	1	0	0	0	0	0
K81312	ATGACC	2	0	0	0	0	2	0	0	0	0	0
K81312	ATGGAC	1	0	0	0	0	1	0	0	0	0	0
K81312	ATTCGC	1	0	0	0	0	1	0	0	0	0	0
K81312	CATTGG	1	0	0	0	0	1	0	0	0	0	0
K81312	CCAATC	1	0	0	0	0	1	0	0	0	0	0
K81312	CCAGTA	2	0	0	0	0	2	0	0	0	0	0
K81312	CCATCA	1	0	0	0	0	1	0	0	0	0	0
K81312	CCTTGA	1	0	0	0	0	1	0	0	0	0	0
K81312	CGAACA	1	0	0	0	0	1	0	0	0	0	0
K81312	CTAACG	1	0	0	0	0	1	0	0	0	0	0
K81312	CTCAGA	1	0	0	0	0	1	0	0	0	0	0
K81312	GATTGC	1	0	0	0	0	1	0	0	0	0	0
K81312	GCAATG	1	0	0	0	0	1	0	0	0	0	0
K81312	GCAGAA	2	0	0	0	0	2	0	0	0	0	0
K81312	GCATGA	1	0	0	0	0	1	0	0	0	0	0
K81312	GCATTC	2	0	0	0	0	2	0	0	0	0	0
K81312	GCTCTA	2	0	0	0	0	2	0	0	0	0	0
K81312	GCTTCA	1	0	0	0	0	1	0	0	0	0	0
K81312	GGATCA	2	0	0	0	0	2	0	0	0	0	0
K81312	GGTTAG	1	0	0	0	0	1	0	0	0	0	0
K81312	GTATCG	2	0	0	0	0	2	0	0	0	0	0
K81312	TCAACG	2	0	0	0	0	2	0	0	0	0	0
K81312	TTGCAC	1	0	0	0	0	1	0	0	0	0	0
K81312	TTGGCA	1	0	0	0	0	1	0	0	0	0	0
K81313	AAGCCA	1	0	0	0	0	1	0	0	0	0	0
K81313	ACAGTG	3	0	0	0	0	3	0	0	0	0	0
K81313	ACCAAC	1	0	0	0	0	1	0	0	0	0	0
K81313	ACCATG	1	0	0	0	0	1	0	0	0	0	0
K81313	ACGTGA	3	0	0	0	0	3	0	0	0	0	0
K81313	ACTCGA	1	0	0	0	0	1	0	0	0	0	0
K81313	AGACCA	1	0	0	0	0	1	0	0	0	0	0
K81313	AGCTTC	1	0	0	0	0	1	0	0	0	0	0
K81313	AGGATC	1	0	0	0	0	1	0	0	0	0	0
K81313	ATCACG	1	0	0	0	0	1	0	0	0	0	0
K81313	ATGTCG	2	0	0	0	0	2	0	0	0	0	0
K81313	CACCAA	1	0	0	0	0	1	0	0	0	0	0
K81313	CAGAAG	1	0	0	0	0	1	0	0	0	0	0
K81313	CATGTC	1	0	0	0	0	1	0	0	0	0	0
K81313	CCATAG	1	0	0	0	0	1	0	0	0	0	0
K81313	CGATGA	1	0	0	0	0	1	0	0	0	0	0
K81313	CTAGAC	2	0	0	0	0	2	0	0	0	0	0
K81313	CTAGTG	2	0	0	0	0	2	0	0	0	0	0
K81313	CTCATG	1	0	0	0	0	1	0	0	0	0	0
K81313	CTTCGA	1	0	0	0	0	1	0	0	0	0	0
K81313	GAAGAC	1	0	0	0	0	1	0	0	0	0	0
K81313	GAAGGA	2	0	0	0	0	2	0	0	0	0	0
K81313	GACAGA	1	0	0	0	0	1	0	0	0	0	0
K81313	GATCGA	1	0	0	0	0	1	0	0	0	0	0
K81313	GATCTG	1	0	0	0	0	1	0	0	0	0	0
K81313	GGTAAC	1	0	0	0	0	1	0	0	0	0	0
K81313	GTACAG	2	0	0	0	0	2	0	0	0	0	0
K81313	GTACCA	1	0	0	0	0	1	0	0	0	0	0
K81313	GTACTC	1	0	0	0	0	1	0	0	0	0	0
K81313	GTGAAG	1	0	0	0	0	1	0	0	0	0	0
K81313	GTGGAA	1	0	0	0	0	1	0	0	0	0	0
K81313	GTTGAG	1	0	0	0	0	1	0	0	0	0	0
K81313	TAACGG	2	0	0	0	0	2	0	0	0	0	0
K81313	TCACAG	1	0	0	0	0	1	0	0	0	0	0
K81313	TCCGAA	1	0	0	0	0	1	0	0	0	0	0
K81313	TGAAGG	2	0	0	0	0	2	0	0	0	0	0
K81313	TGCAAC	3	0	0	0	0	3	0	0	0	0	0
K81313	TGGTTG	1	0	0	0	0	1	0	0	0	0	0
K81313	TGTCGA	1	0	0	0	0	1	0	0	0	0	0
K81313	TGTCTG	0	0	0	1	0	0	0	0	0	0	1
K81314	ACGGTA	2	0	0	0	0	2	0	0	0	0	0
K81314	AGCGAA	1	0	0	0	0	1	0	0	0	0	0
K81314	AGTAGG	1	0	0	0	0	1	0	0	0	0	0
K81314	ATCTCC	2	0	0	0	0	2	0	0	0	0	0
K81314	ATGCAG	1	0	0	0	0	1	0	0	0	0	0
K81314	CAATGC	1	0	0	0	0	1	0	0	0	0	0
K81314	CCAATC	1	0	0	0	0	1	0	0	0	0	0
K81314	CCAGTA	3	0	0	0	0	3	0	0	0	0	0
K81314	CCATCA	1	0	0	0	0	1	0	0	0	0	0
K81314	CCTATG	2	0	0	0	0	2	0	0	0	0	0
K81314	CGAACA	1	0	0	0	0	1	0	0	0	0	0
K81314	GAGCAA	1	0	0	0	0	1	0	0	0	0	0
K81314	GAGGTA	1	0	0	0	0	1	0	0	0	0	0
K81314	GCAATG	1	0	0	0	0	1	0	0	0	0	0
K81314	GCATGA	4	0	0	0	0	4	0	0	0	0	0
K81314	GCGTTA	1	0	0	0	0	1	0	0	0	0	0
K81314	GCTCTA	1	0	0	0	0	1	0	0	0	0	0
K81314	GGCTTA	1	0	0	0	0	1	0	0	0	0	0
K81314	GGTAGA	1	0	0	0	0	1	0	0	0	0	0
K81314	TACAGG	1	0	0	0	0	1	0	0	0	0	0
K81314	TACCGA	2	0	0	0	0	2	0	0	0	0	0
K81314	TACGCA	1	0	0	0	0	1	0	0	0	0	0
K81314	TAGCTC	1	0	0	0	0	1	0	0	0	0	0
K81314	TGTTGG	1	0	0	0	0	1	0	0	0	0	0
K81314	TTACGC	1	0	0	0	0	1	0	0	0	0	0
K81321	AACCTC	1	0	0	0	0	1	0	0	0	0	0
K81321	ACCAAC	1	0	0	0	0	1	0	0	0	0	0
K81321	ACTCGA	1	0	0	0	0	1	0	0	0	0	0
K81321	ACTCTG	1	0	0	0	0	1	0	0	0	0	0
K81321	AGACCA	1	0	0	0	0	1	0	0	0	0	0
K81321	AGACTC	1	0	0	0	0	1	0	0	0	0	0
K81321	AGCTAG	1	0	0	0	0	1	0	0	0	0	0
K81321	AGTGCA	1	0	0	0	0	1	0	0	0	0	0
K81321	AGTGTC	1	0	0	0	0	1	0	0	0	0	0
K81321	ATTCGC	1	0	0	0	0	1	0	0	0	0	0
K81321	ATTGCG	1	0	0	0	0	1	0	0	0	0	0
K81321	CACCAA	2	0	0	0	0	2	0	0	0	0	0
K81321	CACTTC	1	0	0	0	0	1	0	0	0	0	0
K81321	CTAAGC	1	0	0	0	0	1	0	0	0	0	0
K81321	CTAGTG	1	0	0	0	0	1	0	0	0	0	0
K81321	GACGAA	1	0	0	0	0	1	0	0	0	0	0
K81321	GAGTGA	2	0	0	0	0	2	0	0	0	0	0
K81321	GATACG	1	0	0	0	0	1	0	0	0	0	0
K81321	GATCGA	1	0	0	0	0	1	0	0	0	0	0
K81321	GGACAA	1	0	0	0	0	1	0	0	0	0	0
K81321	GTACCA	1	0	0	0	0	1	0	0	0	0	0
K81321	GTGAAG	1	0	0	0	0	1	0	0	0	0	0
K81321	TCACAG	1	0	0	0	0	1	0	0	0	0	0
K81321	TCATCC	1	0	0	0	0	1	0	0	0	0	0
K81321	TCTTGC	1	0	0	0	0	1	0	0	0	0	0
K81321	TGCAAC	1	0	0	0	0	1	0	0	0	0	0
K81321	TTCACC	1	0	0	0	0	1	0	0	0	0	0
K81321	TTCTCG	1	0	0	0	0	1	0	0	0	0	0
K81321	TTGTGC	1	0	0	0	0	1	0	0	0	0	0
K81322	AAGGTG	1	0	0	0	0	1	0	0	0	0	0
K81322	ACATGG	1	0	0	0	0	1	0	0	0	0	0
K81322	AGATGC	1	0	0	0	0	1	0	0	0	0	0
K81322	AGCGAA	1	0	0	0	0	1	0	0	0	0	0
K81322	AGCTAG	1	0	0	0	0	1	0	0	0	0	0
K81322	AGTGCA	1	0	0	0	0	1	0	0	0	0	0
K81322	ATACGG	1	0	0	0	0	1	0	0	0	0	0
K81322	ATCCAC	2	0	0	0	0	2	0	0	0	0	0
K81322	ATCGCA	1	0	0	0	0	1	0	0	0	0	0
K81322	ATCGTG	1	0	0	0	0	1	0	0	0	0	0
K81322	ATTCGC	1	0	0	0	0	1	0	0	0	0	0
K81322	CAGGAA	1	0	0	0	0	1	0	0	0	0	0
K81322	CCAGTA	3	0	0	0	0	3	0	0	0	0	0
K81322	CCGATA	2	0	0	0	0	2	0	0	0	0	0
K81322	CCTACA	1	0	0	0	0	1	0	0	0	0	0
K81322	CGCATA	1	0	0	0	0	1	0	0	0	0	0
K81322	CGCTAA	0	1	0	0	0	0	0	1	0	0	0
K81322	CGTAAG	2	0	0	0	0	2	0	0	0	0	0
K81322	CTAACG	1	0	0	0	0	1	0	0	0	0	0
K81322	GAGCAA	3	0	0	0	0	3	0	0	0	0	0
K81322	GAGGTA	2	0	0	0	0	2	0	0	0	0	0
K81322	GCATGA	2	0	0	0	0	2	0	0	0	0	0
K81322	GCATTC	2	0	0	0	0	2	0	0	0	0	0
K81322	GCTTCA	3	0	0	0	0	3	0	0	0	0	0
K81322	GGAATC	2	0	0	0	0	2	0	0	0	0	0
K81322	GGCTTA	1	0	0	0	0	1	0	0	0	0	0
K81322	GGTAGA	1	0	0	0	0	1	0	0	0	0	0
K81322	GGTATG	1	0	0	0	0	1	0	0	0	0	0
K81322	GTAACC	3	0	0	0	0	3	0	0	0	0	0
K81322	GTATGC	1	0	0	0	0	1	0	0	0	0	0
K81322	GTTAGG	1	0	0	0	0	1	0	0	0	0	0
K81322	TACCGA	1	0	0	0	0	1	0	0	0	0	0
K81322	TACGCA	2	0	0	0	0	2	0	0	0	0	0
K81322	TAGCTC	1	0	0	0	0	1	0	0	0	0	0
K81322	TATCCG	3	0	0	0	0	3	0	0	0	0	0
K81322	TCTAGG	2	0	0	0	0	2	0	0	0	0	0
K81322	TGTAGC	2	0	0	0	0	2	0	0	0	0	0
K81322	TGTTCC	1	0	0	0	0	1	0	0	0	0	0
K81322	TTGGTC	2	0	0	0	0	2	0	0	0	0	0
K81323	AAGCCA	1	0	0	0	0	1	0	0	0	0	0
K81323	ACAGAC	1	0	0	0	0	1	0	0	0	0	0
K81323	ACAGGA	1	0	0	0	0	1	0	0	0	0	0
K81323	ACGTTG	2	0	0	0	0	2	0	0	0	0	0
K81323	ACTCAC	1	0	0	0	0	1	0	0	0	0	0
K81323	ACTCTG	1	0	0	0	0	1	0	0	0	0	0
K81323	ACTTCG	2	0	0	0	0	2	0	0	0	0	0
K81323	AGGAAG	1	0	0	0	0	1	0	0	0	0	0
K81323	AGGACA	1	0	0	0	0	1	0	0	0	0	0
K81323	ATGTCG	2	0	0	0	0	2	0	0	0	0	0
K81323	CAGAAG	1	0	0	0	0	1	0	0	0	0	0
K81323	CATGTC	1	0	0	0	0	1	0	0	0	0	0
K81323	CCGTAA	1	0	0	0	0	1	0	0	0	0	0
K81323	CGATTG	1	0	0	0	0	1	0	0	0	0	0
K81323	CTATCC	2	0	0	0	0	2	0	0	0	0	0
K81323	CTCAGA	1	0	0	0	0	1	0	0	0	0	0
K81323	CTCATG	2	0	0	0	0	2	0	0	0	0	0
K81323	CTGTTG	1	0	0	0	0	1	0	0	0	0	0
K81323	GAAGAC	1	0	0	0	0	1	0	0	0	0	0
K81323	GACAGA	1	0	0	0	0	1	0	0	0	0	0
K81323	GACGAA	1	0	0	0	0	1	0	0	0	0	0
K81323	GATACG	1	0	0	0	0	1	0	0	0	0	0
K81323	GATCTG	1	0	0	0	0	1	0	0	0	0	0
K81323	GCAACA	1	0	0	0	0	1	0	0	0	0	0
K81323	GGTAAC	1	0	0	0	0	1	0	0	0	0	0
K81323	GTCTCA	1	0	0	0	0	1	0	0	0	0	0
K81323	GTGACA	1	0	0	0	0	1	0	0	0	0	0
K81323	TCACAG	1	0	0	0	0	1	0	0	0	0	0
K81323	TGAACC	1	0	0	0	0	1	0	0	0	0	0
K81323	TGTCGA	1	0	0	0	0	1	0	0	0	0	0
K81324	AGTACC	1	0	0	0	0	1	0	0	0	0	0
K81324	ATGAGG	1	0	0	0	0	1	0	0	0	0	0
K81324	ATGCAG	2	0	0	0	0	2	0	0	0	0	0
K81324	ATGCTC	2	0	0	0	0	2	0	0	0	0	0
K81324	CAATGC	2	0	0	0	0	2	0	0	0	0	0
K81324	CACGTA	1	0	0	0	0	1	0	0	0	0	0
K81324	CCAATC	1	0	0	0	0	1	0	0	0	0	0
K81324	CCATCA	1	0	0	0	0	1	0	0	0	0	0
K81324	CCGATA	1	0	0	0	0	1	0	0	0	0	0
K81324	CGTAAG	1	0	0	0	0	1	0	0	0	0	0
K81324	CGTTAC	1	0	0	0	0	1	0	0	0	0	0
K81324	CTAACG	1	0	0	0	0	1	0	0	0	0	0
K81324	GCATGA	1	0	0	0	0	1	0	0	0	0	0
K81324	GGATCA	2	0	0	0	0	2	0	0	0	0	0
K81324	GGCTTA	1	0	0	0	0	1	0	0	0	0	0
K81324	GGTATG	2	0	0	0	0	2	0	0	0	0	0
K81324	TAGCTC	1	0	0	0	0	1	0	0	0	0	0
K81324	TATCCG	1	0	0	0	0	1	0	0	0	0	0
K81324	TTGCGA	1	0	0	0	0	1	0	0	0	0	0
K81324	TTGGAG	1	0	0	0	0	1	0	0	0	0	0
K81324	TTGGCA	1	0	0	0	0	1	0	0	0	0	0
K81331	AACCTC	1	0	0	0	0	1	0	0	0	0	0
K81331	ACAAGC	2	0	0	0	0	2	0	0	0	0	0
K81331	ACAGTG	1	0	0	0	0	1	0	0	0	0	0
K81331	ACTCAC	1	0	0	0	0	1	0	0	0	0	0
K81331	ACTCTG	1	0	0	0	0	1	0	0	0	0	0
K81331	ACTTCG	1	0	0	0	0	1	0	0	0	0	0
K81331	AGACCA	1	0	0	0	0	1	0	0	0	0	0
K81331	AGCTCA	1	0	0	0	0	1	0	0	0	0	0
K81331	AGGAAG	1	0	0	0	0	1	0	0	0	0	0
K81331	AGTGCA	2	0	0	0	0	2	0	0	0	0	0
K81331	ATCACG	1	0	0	0	0	1	0	0	0	0	0
K81331	CACCAA	1	0	0	0	0	1	0	0	0	0	0
K81331	CATGTC	1	0	0	0	0	1	0	0	0	0	0
K81331	CGATTG	1	0	0	0	0	1	0	0	0	0	0
K81331	CTCATG	2	0	0	0	0	2	0	0	0	0	0
K81331	CTTCGA	1	0	0	0	0	1	0	0	0	0	0
K81331	GACAAC	1	0	0	0	0	1	0	0	0	0	0
K81331	GACGAA	1	0	0	0	0	1	0	0	0	0	0
K81331	GATCGA	1	0	0	0	0	1	0	0	0	0	0
K81331	GGACAA	2	0	0	0	0	2	0	0	0	0	0
K81331	GGATCA	1	0	0	0	0	1	0	0	0	0	0
K81331	GTCTCA	1	0	0	0	0	1	0	0	0	0	0
K81331	TAGTGG	1	0	0	0	0	1	0	0	0	0	0
K81331	TCATCC	2	0	0	0	0	2	0	0	0	0	0
K81331	TGAGGA	1	0	0	0	0	1	0	0	0	0	0
K81331	TGCAAC	1	0	0	0	0	1	0	0	0	0	0
K81331	TGTCGA	3	0	0	0	0	3	0	0	0	0	0
K81331	TGTCTG	1	0	0	0	0	1	0	0	0	0	0
K81331	TTCCAG	1	0	0	0	0	1	0	0	0	0	0
K81331	TTCTCG	1	0	0	0	0	1	0	0	0	0	0
K81331	TTGTGC	4	0	0	0	0	4	0	0	0	0	0
K81332	AACACC	1	0	0	0	0	1	0	0	0	0	0
K81332	ACGGTA	1	0	0	0	0	1	0	0	0	0	0
K81332	CACGTA	2	0	0	0	0	2	0	0	0	0	0
K81332	CCAGTA	1	0	0	0	0	1	0	0	0	0	0
K81332	CCTATG	1	0	0	0	0	1	0	0	0	0	0
K81332	CGATGA	1	0	0	0	0	1	0	0	0	0	0
K81332	CGCTAA	1	0	0	0	0	1	0	0	0	0	0
K81332	CGTTCA	1	0	0	0	0	1	0	0	0	0	0
K81332	GAGCAA	1	0	0	0	0	1	0	0	0	0	0
K81332	GATTGC	1	0	0	0	0	1	0	0	0	0	0
K81332	GCCATA	1	0	0	0	0	1	0	0	0	0	0
K81332	GGATAC	1	0	0	0	0	1	0	0	0	0	0
K81332	GGTAGA	1	0	0	0	0	1	0	0	0	0	0
K81332	GGTATG	1	0	0	0	0	1	0	0	0	0	0
K81332	GTAACC	1	0	0	0	0	1	0	0	0	0	0
K81332	TACCGA	1	0	0	0	0	1	0	0	0	0	0
K81332	TCTAGG	1	0	0	0	0	1	0	0	0	0	0
K81332	TGATCG	1	0	0	0	0	1	0	0	0	0	0
K81332	TGTTGG	1	0	0	0	0	1	0	0	0	0	0
K81332	TTACGC	1	0	0	0	0	1	0	0	0	0	0
K81332	TTGCAC	1	0	0	0	0	1	0	0	0	0	0
K81333	AACCTC	1	0	0	0	0	1	0	0	0	0	0
K81333	AGGACA	2	0	0	0	0	2	0	0	0	0	0
K81333	AGGATC	2	0	0	0	0	2	0	0	0	0	0
K81333	ATCACG	2	0	0	0	0	2	0	0	0	0	0
K81333	ATGTCG	1	0	0	0	0	1	0	0	0	0	0
K81333	CACTTC	1	0	0	0	0	1	0	0	0	0	0
K81333	CCAGTA	1	0	0	0	0	1	0	0	0	0	0
K81333	CGATTG	2	0	0	0	0	2	0	0	0	0	0
K81333	CTCAGA	1	0	0	0	0	1	0	0	0	0	0
K81333	GACAAC	1	0	0	0	0	1	0	0	0	0	0
K81333	GACGAA	1	0	0	0	0	1	0	0	0	0	0
K81333	GAGTGA	1	0	0	0	0	1	0	0	0	0	0
K81333	GATCGA	1	0	0	0	0	1	0	0	0	0	0
K81333	GCAACA	1	0	0	0	0	1	0	0	0	0	0
K81333	TGGTGA	0	1	0	0	0	0	0	1	0	0	0
K81333	TGTCTG	1	0	0	0	0	1	0	0	0	0	0
K81334	AGAACG	1	0	0	0	0	1	0	0	0	0	0
K81334	AGATGC	1	0	0	0	0	1	0	0	0	0	0
K81334	AGCGAA	2	0	0	0	0	2	0	0	0	0	0
K81334	AGTACC	1	0	0	0	0	1	0	0	0	0	0
K81334	ATACGG	1	0	0	0	0	1	0	0	0	0	0
K81334	ATCCGA	1	0	0	0	0	1	0	0	0	0	0
K81334	ATGCTC	1	0	0	0	0	1	0	0	0	0	0
K81334	ATGGAC	1	0	0	0	0	1	0	0	0	0	0
K81334	ATTCGC	1	0	0	0	0	1	0	0	0	0	0
K81334	CACGTA	1	0	0	0	0	1	0	0	0	0	0
K81334	CCAATC	1	0	0	0	0	1	0	0	0	0	0
K81334	CCTATG	0	1	0	0	0	0	0	1	0	0	0
K81334	CCTTGA	1	0	0	0	0	1	0	0	0	0	0
K81334	CGCATA	1	0	0	0	0	1	0	0	0	0	0
K81334	CGGTTA	1	0	0	0	0	1	0	0	0	0	0
K81334	GAGTGA	1	0	0	0	0	1	0	0	0	0	0
K81334	GCAATG	1	0	0	0	0	1	0	0	0	0	0
K81334	GCTAAG	1	0	0	0	0	1	0	0	0	0	0
K81334	GGAATC	1	0	0	0	0	1	0	0	0	0	0
K81334	GGATAC	1	0	0	0	0	1	0	0	0	0	0
K81334	GGATCA	3	0	0	0	0	3	0	0	0	0	0
K81334	GGTTAG	2	0	0	0	0	2	0	0	0	0	0
K81334	GTTAGG	1	0	0	0	0	1	0	0	0	0	0
K81334	TACAGG	1	0	0	0	0	1	0	0	0	0	0
K81334	TACCAC	1	0	0	0	0	1	0	0	0	0	0
K81334	TACTCC	1	0	0	0	0	1	0	0	0	0	0
K81334	TGATCG	1	0	0	0	0	1	0	0	0	0	0
K81334	TTCGAC	2	0	0	0	0	2	0	0	0	0	0
K81334	TTGCGA	1	0	0	0	0	1	0	0	0	0	0
K81342	AACTGG	1	0	0	0	0	1	0	0	0	0	0
K81342	AAGGTG	1	0	0	0	0	1	0	0	0	0	0
K81342	AGAACG	1	0	0	0	0	1	0	0	0	0	0
K81342	ATCCAC	1	0	0	0	0	1	0	0	0	0	0
K81342	ATGAGG	2	0	0	0	0	2	0	0	0	0	0
K81342	ATGCTC	3	0	0	0	0	3	0	0	0	0	0
K81342	ATGGAC	1	0	0	0	0	1	0	0	0	0	0
K81342	CAGGAA	1	0	0	0	0	1	0	0	0	0	0
K81342	CCAGTA	1	0	0	0	0	1	0	0	0	0	0
K81342	CCGTAA	1	0	0	0	0	1	0	0	0	0	0
K81342	CCTATG	2	0	0	0	0	2	0	0	0	0	0
K81342	CCTTGA	1	0	0	0	0	1	0	0	0	0	0
K81342	CGCTAA	1	0	0	0	0	1	0	0	0	0	0
K81342	CGTAAG	1	0	0	0	0	1	0	0	0	0	0
K81342	CTGCTA	1	0	0	0	0	1	0	0	0	0	0
K81342	GAGCAA	2	0	0	0	0	2	0	0	0	0	0
K81342	GAGGTA	1	0	0	0	0	1	0	0	0	0	0
K81342	GCTTAC	1	0	0	0	0	1	0	0	0	0	0
K81342	GGTTAG	1	0	0	0	0	1	0	0	0	0	0
K81342	GTAACC	2	0	0	0	0	2	0	0	0	0	0
K81342	GTATCG	1	0	0	0	0	1	0	0	0	0	0
K81342	GTATGC	1	0	0	0	0	1	0	0	0	0	0
K81342	TACCAC	1	0	0	0	0	1	0	0	0	0	0
K81342	TAGCTC	1	0	0	0	0	1	0	0	0	0	0
K81342	TGTTGG	1	0	0	0	0	1	0	0	0	0	0
K81342	TTCGAC	1	0	0	0	0	1	0	0	0	0	0
K81342	TTGCTG	1	0	0	0	0	1	0	0	0	0	0
K81342	TTGGAG	2	0	0	0	0	2	0	0	0	0	0
K81343	AAGCCA	1	0	0	0	0	1	0	0	0	0	0
K81343	ACAGAC	1	0	0	0	0	1	0	0	0	0	0
K81343	ACAGGA	1	0	0	0	0	1	0	0	0	0	0
K81343	ACAGTG	1	0	0	0	0	1	0	0	0	0	0
K81343	ACCAAC	2	0	0	1	1	1	0	0	0	1	0
K81343	ACGTGA	1	0	0	0	0	1	0	0	0	0	0
K81343	ACTTCG	1	0	0	0	0	1	0	0	0	0	0
K81343	AGACAG	2	0	0	0	0	2	0	0	0	0	0
K81343	AGACCA	2	0	0	0	0	2	0	0	0	0	0
K81343	AGACTC	2	0	0	0	0	2	0	0	0	0	0
K81343	AGCTTC	1	0	0	0	0	1	0	0	0	0	0
K81343	AGTGTC	1	0	0	0	0	1	0	0	0	0	0
K81343	ATCACG	1	0	0	0	0	1	0	0	0	0	0
K81343	ATTCGC	1	0	0	0	0	1	0	0	0	0	0
K81343	CACCAA	1	0	0	0	0	1	0	0	0	0	0
K81343	CATGTC	1	0	0	0	0	1	0	0	0	0	0
K81343	CCACAA	3	0	0	0	0	3	0	0	0	0	0
K81343	CGATGA	2	0	0	0	0	2	0	0	0	0	0
K81343	CTAGTG	1	0	0	0	0	1	0	0	0	0	0
K81343	CTTCGA	2	0	0	0	0	2	0	0	0	0	0
K81343	GACGAA	1	0	0	0	0	1	0	0	0	0	0
K81343	GATACG	1	0	0	0	0	1	0	0	0	0	0
K81343	GCAACA	1	0	0	0	0	1	0	0	0	0	0
K81343	GCAGAA	1	0	0	0	0	1	0	0	0	0	0
K81343	GTACAG	1	0	0	0	0	1	0	0	0	0	0
K81343	GTACTC	1	0	0	0	0	1	0	0	0	0	0
K81343	GTGATC	1	0	0	0	0	1	0	0	0	0	0
K81343	TAACGG	1	0	0	0	0	1	0	0	0	0	0
K81343	TCACAG	1	0	0	0	0	1	0	0	0	0	0
K81343	TGCAGA	2	0	0	0	0	2	0	0	0	0	0
K81343	TGTTGG	1	0	0	0	0	1	0	0	0	0	0
K81343	TTCACC	1	0	0	0	0	1	0	0	0	0	0
K81343	TTCCAG	2	0	0	0	0	2	0	0	0	0	0
K81411	AAGCCA	1	0	0	0	0	1	0	0	0	0	0
K81411	ACAGGA	1	0	0	0	0	1	0	0	0	0	0
K81411	ACAGTG	1	0	0	0	0	1	0	0	0	0	0
K81411	ACCAGA	2	0	0	0	0	2	0	0	0	0	0
K81411	AGACAG	1	0	0	0	0	1	0	0	0	0	0
K81411	AGACTC	1	0	0	0	0	1	0	0	0	0	0
K81411	AGCTCA	1	0	0	0	0	1	0	0	0	0	0
K81411	AGGAAG	1	0	0	0	0	1	0	0	0	0	0
K81411	AGGATC	1	0	0	0	0	1	0	0	0	0	0
K81411	ATCACG	1	0	0	0	0	1	0	0	0	0	0
K81411	CATGCA	2	0	0	0	0	2	0	0	0	0	0
K81411	CCATAG	1	0	0	0	0	1	0	0	0	0	0
K81411	CTGTTG	1	0	1	0	0	1	0	0	1	0	0
K81411	GAATGG	1	0	0	0	0	1	0	0	0	0	0
K81411	GACGAA	1	0	0	0	0	1	0	0	0	0	0
K81411	GAGTGA	1	0	0	0	0	1	0	0	0	0	0
K81411	GTACCA	1	0	0	0	0	1	0	0	0	0	0
K81411	TAACGG	1	0	0	0	0	1	0	0	0	0	0
K81411	TAGGAC	1	0	0	0	0	1	0	0	0	0	0
K81411	TAGTGG	1	0	0	0	0	1	0	0	0	0	0
K81411	TCCGAA	2	0	0	0	0	2	0	0	0	0	0
K81411	TGAGGA	4	0	0	0	0	4	0	0	0	0	0
K81411	TGGTGA	1	0	0	0	0	1	0	0	0	0	0
K81411	TGGTTG	1	0	0	0	0	1	0	0	0	0	0
K81411	TGTCGA	1	0	0	0	0	1	0	0	0	0	0
K81411	TGTCTG	1	0	0	0	0	1	0	0	0	0	0
K81411	TTCCAG	1	0	0	0	0	1	0	0	0	0	0
K81411	TTGTGC	1	0	0	0	0	1	0	0	0	0	0
K81412	ACATGG	1	0	0	0	0	1	0	0	0	0	0
K81412	ACGGTA	1	0	0	0	0	1	0	0	0	0	0
K81412	AGTAGG	1	0	0	0	0	1	0	0	0	0	0
K81412	ATACGG	1	0	0	0	0	1	0	0	0	0	0
K81412	ATCAGC	1	0	0	0	0	1	0	0	0	0	0
K81412	ATCCGA	2	0	0	0	0	2	0	0	0	0	0
K81412	ATGACC	1	0	0	0	0	1	0	0	0	0	0
K81412	ATGCTC	1	0	0	0	0	1	0	0	0	0	0
K81412	ATTCGC	1	0	0	0	0	1	0	0	0	0	0
K81412	CAATGC	1	0	0	0	0	1	0	0	0	0	0
K81412	CACGTA	2	0	0	0	0	2	0	0	0	0	0
K81412	CCGTAA	1	0	0	0	0	1	0	0	0	0	0
K81412	CCTACA	1	0	0	0	0	1	0	0	0	0	0
K81412	CCTATG	1	0	0	0	0	1	0	0	0	0	0
K81412	CCTGAA	2	0	0	0	0	2	0	0	0	0	0
K81412	CGAACA	2	0	0	0	0	2	0	0	0	0	0
K81412	CGCTAA	1	0	0	0	0	1	0	0	0	0	0
K81412	CGTTAC	2	0	0	0	0	2	0	0	0	0	0
K81412	GATTGC	1	0	0	0	0	1	0	0	0	0	0
K81412	GCAATG	1	0	0	0	0	1	0	0	0	0	0
K81412	GCATGA	1	0	0	0	0	1	0	0	0	0	0
K81412	GCCATA	1	0	0	0	0	1	0	0	0	0	0
K81412	GCTAAG	2	0	0	0	0	2	0	0	0	0	0
K81412	GCTTCA	1	0	0	0	0	1	0	0	0	0	0
K81412	GGTTAG	2	0	0	0	0	2	0	0	0	0	0
K81412	TACCGA	1	0	0	0	0	1	0	0	0	0	0
K81412	TAGCTC	2	0	0	0	0	2	0	0	0	0	0
K81412	TATCGC	2	0	0	0	0	2	0	0	0	0	0
K81412	TCAACG	1	0	0	0	0	1	0	0	0	0	0
K81412	TTGGAG	2	0	0	0	0	2	0	0	0	0	0
K81413	ACAGAC	1	0	0	0	0	1	0	0	0	0	0
K81413	ACCAGA	1	0	0	0	0	1	0	0	0	0	0
K81413	ACCATG	1	0	0	0	0	1	0	0	0	0	0
K81413	ACGTTG	2	0	0	0	0	2	0	0	0	0	0
K81413	ACTCGA	1	0	0	0	0	1	0	0	0	0	0
K81413	ACTTCG	1	0	0	0	0	1	0	0	0	0	0
K81413	AGACTC	1	0	0	0	0	1	0	0	0	0	0
K81413	AGCTAG	1	0	0	0	0	1	0	0	0	0	0
K81413	AGCTCA	1	0	0	0	0	1	0	0	0	0	0
K81413	AGCTTC	1	0	0	0	0	1	0	0	0	0	0
K81413	AGGATC	1	0	0	0	0	1	0	0	0	0	0
K81413	AGTGCA	1	0	0	0	0	1	0	0	0	0	0
K81413	AGTGTC	2	0	0	0	0	2	0	0	0	0	0
K81413	ATCCAC	1	0	0	0	0	1	0	0	0	0	0
K81413	ATGTCG	3	0	0	0	0	3	0	0	0	0	0
K81413	CCACAA	1	0	0	0	0	1	0	0	0	0	0
K81413	CCATAG	1	0	0	0	0	1	0	0	0	0	0
K81413	CGTCTA	1	0	0	0	0	1	0	0	0	0	0
K81413	GAAGGA	1	0	0	0	0	1	0	0	0	0	0
K81413	GAATGG	1	0	0	0	0	1	0	0	0	0	0
K81413	GACAAC	1	0	0	0	0	1	0	0	0	0	0
K81413	GATACG	1	0	0	0	0	1	0	0	0	0	0
K81413	GATCGA	3	0	0	0	0	3	0	0	0	0	0
K81413	GATCTG	2	0	0	0	0	2	0	0	0	0	0
K81413	GCCATA	1	0	0	0	0	1	0	0	0	0	0
K81413	GTACTC	1	0	0	0	0	1	0	0	0	0	0
K81413	GTTGAG	3	0	0	0	0	3	0	0	0	0	0
K81413	TCTTGC	1	0	0	0	0	1	0	0	0	0	0
K81413	TGAACC	3	0	0	0	0	3	0	0	0	0	0
K81413	TGCAGA	2	0	0	0	0	2	0	0	0	0	0
K81413	TGGTTG	1	0	0	0	0	1	0	0	0	0	0
K81413	TGTCTG	1	0	0	0	0	1	0	0	0	0	0
K81413	TTCCAG	1	0	0	0	0	1	0	0	0	0	0
K81414	AGTACC	1	0	0	0	0	1	0	0	0	0	0
K81414	AGTAGG	2	0	0	0	0	2	0	0	0	0	0
K81414	ATCAGC	2	0	0	0	0	2	0	0	0	0	0
K81414	ATGGAC	2	0	0	0	0	2	0	0	0	0	0
K81414	CCATCA	1	0	0	0	0	1	0	0	0	0	0
K81414	GAGCAA	1	0	0	0	0	1	0	0	0	0	0
K81414	GAGGTA	2	0	0	0	0	2	0	0	0	0	0
K81414	GCAATG	1	0	0	0	0	1	0	0	0	0	0
K81414	GCATGA	1	0	0	0	0	1	0	0	0	0	0
K81414	GCCATA	2	0	0	0	0	2	0	0	0	0	0
K81414	GGTAGA	1	0	0	0	0	1	0	0	0	0	0
K81421	AAGCCA	4	0	0	0	0	4	0	0	0	0	0
K81421	ACAGGA	1	0	0	0	0	1	0	0	0	0	0
K81421	ACCAGA	1	0	0	0	0	1	0	0	0	0	0
K81421	ACCATG	1	0	0	0	0	1	0	0	0	0	0
K81421	AGACCA	2	0	0	0	0	2	0	0	0	0	0
K81421	ATTGCG	1	0	0	0	0	1	0	0	0	0	0
K81421	CATGCA	2	0	0	0	0	2	0	0	0	0	0
K81421	CTCAGA	3	0	0	0	0	3	0	0	0	0	0
K81421	GAAGGA	2	0	0	0	0	2	0	0	0	0	0
K81421	GACAGA	1	0	0	0	0	1	0	0	0	0	0
K81421	GACGAA	1	0	0	0	0	1	0	0	0	0	0
K81421	GGATAC	1	0	0	0	0	1	0	0	0	0	0
K81421	GTGATC	1	0	0	0	0	1	0	0	0	0	0
K81421	TAGGAC	1	0	0	0	0	1	0	0	0	0	0
K81421	TATCCG	1	0	0	0	0	1	0	0	0	0	0
K81421	TCACAG	1	0	0	0	0	1	0	0	0	0	0
K81421	TCTTGC	1	0	0	0	0	1	0	0	0	0	0
K81421	TTGTGC	1	0	0	0	0	1	0	0	0	0	0
K81422	AACACC	1	0	0	0	0	1	0	0	0	0	0
K81422	AAGCAC	1	0	0	0	0	1	0	0	0	0	0
K81422	AAGCCA	1	0	0	0	0	1	0	0	0	0	0
K81422	AAGGTG	1	0	0	0	0	1	0	0	0	0	0
K81422	AGAACG	1	0	0	0	0	1	0	0	0	0	0
K81422	AGTACC	1	0	0	0	0	1	0	0	0	0	0
K81422	ATCCGA	1	0	0	0	0	1	0	0	0	0	0
K81422	CAGGAA	2	0	0	0	0	2	0	0	0	0	0
K81422	CCTTGA	1	0	0	0	0	1	0	0	0	0	0
K81422	CGTAAG	1	0	0	0	0	1	0	0	0	0	0
K81422	CGTTCA	2	0	0	0	0	2	0	0	0	0	0
K81422	GCTTAC	1	0	0	0	0	1	0	0	0	0	0
K81422	GGATCA	1	0	0	0	0	1	0	0	0	0	0
K81422	GGCTTA	1	0	0	0	0	1	0	0	0	0	0
K81422	GGTTAG	1	0	0	0	0	1	0	0	0	0	0
K81422	GTATCG	1	0	0	0	0	1	0	0	0	0	0
K81422	TACCAC	1	0	0	0	0	1	0	0	0	0	0
K81422	TACCGA	2	0	0	0	0	2	0	0	0	0	0
K81422	TGTTCC	1	0	0	0	0	1	0	0	0	0	0
K81422	TTGCTG	1	0	0	0	0	1	0	0	0	0	0
K81422	TTGGAG	2	0	0	0	0	2	0	0	0	0	0
K81423	AACCTC	1	0	0	0	0	1	0	0	0	0	0
K81423	ACAGGA	1	0	0	0	0	1	0	0	0	0	0
K81423	ACCAGA	1	0	0	0	0	1	0	0	0	0	0
K81423	ACGTGA	1	0	0	0	0	1	0	0	0	0	0
K81423	ACGTTG	1	0	0	0	0	1	0	0	0	0	0
K81423	ACTCAC	2	0	0	0	0	2	0	0	0	0	0
K81423	ACTTCG	1	0	0	0	0	1	0	0	0	0	0
K81423	AGCTCA	1	0	0	0	0	1	0	0	0	0	0
K81423	AGCTTC	1	0	0	0	0	1	0	0	0	0	0
K81423	AGTGCA	1	0	0	0	0	1	0	0	0	0	0
K81423	AGTGTC	1	0	0	0	0	1	0	0	0	0	0
K81423	ATTGCG	2	0	0	0	0	2	0	0	0	0	0
K81423	CACTCA	1	0	0	0	0	1	0	0	0	0	0
K81423	CCACAA	1	0	0	0	0	1	0	0	0	0	0
K81423	CGATTG	1	0	0	0	0	1	0	0	0	0	0
K81423	CGTCTA	1	0	0	0	0	1	0	0	0	0	0
K81423	CTTCGA	1	0	0	0	0	1	0	0	0	0	0
K81423	GAATCC	1	0	0	0	0	1	0	0	0	0	0
K81423	GACAGA	2	0	0	0	0	2	0	0	0	0	0
K81423	GAGTGA	1	0	0	0	0	1	0	0	0	0	0
K81423	GTACCA	1	0	0	0	0	1	0	0	0	0	0
K81423	GTCTCA	1	0	0	0	0	1	0	0	0	0	0
K81423	TAACGG	1	0	0	0	0	1	0	0	0	0	0
K81423	TCTTGC	1	0	0	0	0	1	0	0	0	0	0
K81423	TGCAGA	1	0	0	0	0	1	0	0	0	0	0
K81423	TGTACG	1	0	0	0	0	1	0	0	0	0	0
K81423	TGTCGA	1	0	0	0	0	1	0	0	0	0	0
K81423	TTCACC	1	0	0	0	0	1	0	0	0	0	0
K81424	AACGAG	1	0	0	0	0	1	0	0	0	0	0
K81424	AAGTGC	1	0	0	0	0	1	0	0	0	0	0
K81424	AGAACG	1	0	0	0	0	1	0	0	0	0	0
K81424	AGGCTA	1	0	0	0	0	1	0	0	0	0	0
K81424	ATCAGC	1	0	0	0	0	1	0	0	0	0	0
K81424	ATCCAC	1	0	0	0	0	1	0	0	0	0	0
K81424	ATCGCA	1	0	0	0	0	1	0	0	0	0	0
K81424	ATGACC	1	0	0	0	0	1	0	0	0	0	0
K81424	ATGCAG	1	0	0	0	0	1	0	0	0	0	0
K81424	ATTCGC	1	0	0	0	0	1	0	0	0	0	0
K81424	CACGTA	1	0	0	0	0	1	0	0	0	0	0
K81424	CAGGAA	1	0	0	0	0	1	0	0	0	0	0
K81424	CATTGG	2	0	0	0	0	2	0	0	0	0	0
K81424	CCAATC	1	0	0	0	0	1	0	0	0	0	0
K81424	CCATCA	1	0	0	0	0	1	0	0	0	0	0
K81424	CCTACA	1	0	0	0	0	1	0	0	0	0	0
K81424	CCTATG	1	0	0	0	0	1	0	0	0	0	0
K81424	CGTAAG	2	0	0	0	0	2	0	0	0	0	0
K81424	CTGCTA	2	0	0	0	0	2	0	0	0	0	0
K81424	GAGGTA	1	0	0	0	0	1	0	0	0	0	0
K81424	GCATTC	1	0	0	0	0	1	0	0	0	0	0
K81424	GCTTAC	1	0	0	0	0	1	0	0	0	0	0
K81424	GGAATC	1	0	0	0	0	1	0	0	0	0	0
K81424	GGTAGA	1	0	0	0	0	1	0	0	0	0	0
K81424	GTAACC	2	0	0	0	0	2	0	0	0	0	0
K81424	GTTAGG	2	0	0	0	0	2	0	0	0	0	0
K81424	TATCCG	1	0	0	0	0	1	0	0	0	0	0
K81424	TCAACG	3	0	0	0	0	3	0	0	0	0	0
K81424	TGTAGC	1	0	0	0	0	1	0	0	0	0	0
K81424	TGTTCC	2	0	0	0	0	2	0	0	0	0	0
K81424	TGTTGG	1	0	0	0	0	1	0	0	0	0	0
K81424	TTACGC	1	0	0	0	0	1	0	0	0	0	0
K81424	TTCGAC	1	0	0	0	0	1	0	0	0	0	0
K81424	TTGCGA	2	0	0	0	0	2	0	0	0	0	0
K81431	ACAGAC	1	0	0	0	0	1	0	0	0	0	0
K81431	ACAGTG	1	0	0	0	0	1	0	0	0	0	0
K81431	ACCATG	1	0	0	0	0	1	0	0	0	0	0
K81431	ACGTGA	1	0	0	0	0	1	0	0	0	0	0
K81431	ACTCGA	1	0	0	0	0	1	0	0	0	0	0
K81431	ACTTCG	1	0	0	0	0	1	0	0	0	0	0
K81431	AGACCA	1	0	0	0	0	1	0	0	0	0	0
K81431	AGCTAG	1	0	0	0	0	1	0	0	0	0	0
K81431	AGCTTC	1	0	0	0	0	1	0	0	0	0	0
K81431	AGTGCA	1	0	0	0	0	1	0	0	0	0	0
K81431	ATCACG	1	0	0	0	0	1	0	0	0	0	0
K81431	ATGTCG	1	0	0	0	0	1	0	0	0	0	0
K81431	ATTGCG	2	0	0	0	0	2	0	0	0	0	0
K81431	CACCAA	1	0	0	0	0	1	0	0	0	0	0
K81431	CACTCA	1	0	0	0	0	1	0	0	0	0	0
K81431	CACTTC	1	0	0	0	0	1	0	0	0	0	0
K81431	CTAAGC	1	0	0	0	0	1	0	0	0	0	0
K81431	CTAGGA	1	0	0	0	0	1	0	0	0	0	0
K81431	CTATCC	1	0	0	0	0	1	0	0	0	0	0
K81431	CTCAGA	2	0	0	0	0	2	0	0	0	0	0
K81431	CTGTTG	1	0	0	0	0	1	0	0	0	0	0
K81431	GAAGGA	1	0	0	0	0	1	0	0	0	0	0
K81431	GAATCC	2	0	0	0	0	2	0	0	0	0	0
K81431	GACAGA	1	0	0	0	0	1	0	0	0	0	0
K81431	GACGAA	1	0	0	0	0	1	0	0	0	0	0
K81431	GTACAG	1	0	0	0	0	1	0	0	0	0	0
K81431	GTGAAG	1	0	0	0	0	1	0	0	0	0	0
K81431	GTGACA	1	0	0	0	0	1	0	0	0	0	0
K81431	GTTGAG	1	0	0	0	0	1	0	0	0	0	0
K81431	TAGGAC	1	0	0	0	0	1	0	0	0	0	0
K81431	TCACAG	1	0	0	0	0	1	0	0	0	0	0
K81431	TCCGAA	2	0	0	0	0	2	0	0	0	0	0
K81431	TGAACC	1	0	0	0	0	1	0	0	0	0	0
K81431	TGGTGA	1	0	0	0	0	1	0	0	0	0	0
K81431	TGTCTG	1	0	0	0	0	1	0	0	0	0	0
K81431	TTCCAG	1	0	0	0	0	1	0	0	0	0	0
K81431	TTCTCG	1	0	0	0	0	1	0	0	0	0	0
K81432	AACTGG	2	0	0	0	0	2	0	0	0	0	0
K81432	AAGCAC	1	0	0	0	0	1	0	0	0	0	0
K81432	AAGGTG	1	0	0	0	0	1	0	0	0	0	0
K81432	AAGTGC	1	0	0	0	0	1	0	0	0	0	0
K81432	AGAACG	1	0	0	0	0	1	0	0	0	0	0
K81432	AGTAGG	1	0	0	0	0	1	0	0	0	0	0
K81432	ATACGG	1	0	0	0	0	1	0	0	0	0	0
K81432	ATCAGC	1	0	0	0	0	1	0	0	0	0	0
K81432	ATCCAC	1	0	0	0	0	1	0	0	0	0	0
K81432	ATGCAG	1	0	0	0	0	1	0	0	0	0	0
K81432	ATTCGC	1	0	0	0	0	1	0	0	0	0	0
K81432	CAATGC	1	0	0	0	0	1	0	0	0	0	0
K81432	CACGTA	2	0	0	0	0	2	0	0	0	0	0
K81432	CCAATC	1	0	0	0	0	1	0	0	0	0	0
K81432	CCGTAA	1	0	0	0	0	1	0	0	0	0	0
K81432	CCTATG	1	0	0	0	0	1	0	0	0	0	0
K81432	CGGTTA	1	0	0	0	0	1	0	0	0	0	0
K81432	CTAACG	1	0	0	0	0	1	0	0	0	0	0
K81432	CTGCTA	1	0	0	0	0	1	0	0	0	0	0
K81432	GAGGTA	1	0	0	0	0	1	0	0	0	0	0
K81432	GATCTG	1	0	0	0	0	1	0	0	0	0	0
K81432	GCAGAA	1	0	0	0	0	1	0	0	0	0	0
K81432	GCTAAG	1	0	0	0	0	1	0	0	0	0	0
K81432	GCTCTA	1	0	0	0	0	1	0	0	0	0	0
K81432	GCTTCA	1	0	0	0	0	1	0	0	0	0	0
K81432	GGAATC	1	0	0	0	0	1	0	0	0	0	0
K81432	GGTAGA	1	0	0	0	0	1	0	0	0	0	0
K81432	GGTATG	1	0	0	0	0	1	0	0	0	0	0
K81432	GGTTAG	1	0	0	0	0	1	0	0	0	0	0
K81432	GTATCG	1	0	0	0	0	1	0	0	0	0	0
K81432	GTCTCA	1	0	0	0	0	1	0	0	0	0	0
K81432	TATCCG	1	0	0	0	0	1	0	0	0	0	0
K81432	TCTTGC	1	0	0	0	0	1	0	0	0	0	0
K81432	TGTTCC	1	0	0	0	0	1	0	0	0	0	0
K81432	TGTTGG	2	0	0	0	0	2	0	0	0	0	0
K81432	TTGCGA	3	0	0	0	0	3	0	0	0	0	0
K81432	TTGCTG	1	0	0	0	0	1	0	0	0	0	0
K81432	TTGGCA	1	0	0	0	0	1	0	0	0	0	0
K81433	AACGAG	1	0	0	0	0	1	0	0	0	0	0
K81433	ACAGAC	1	0	0	0	0	1	0	0	0	0	0
K81433	ACGTGA	1	0	0	0	0	1	0	0	0	0	0
K81433	ACGTTG	1	0	0	0	0	1	0	0	0	0	0
K81433	ACTCGA	1	0	0	0	0	1	0	0	0	0	0
K81433	ACTTCG	1	0	0	0	0	1	0	0	0	0	0
K81433	AGACAG	1	0	0	0	0	1	0	0	0	0	0
K81433	AGACCA	1	0	0	0	0	1	0	0	0	0	0
K81433	AGGATC	2	0	0	0	0	2	0	0	0	0	0
K81433	AGTGCA	1	0	0	0	0	1	0	0	0	0	0
K81433	AGTGTC	1	0	0	0	0	1	0	0	0	0	0
K81433	CACTCA	1	0	0	0	0	1	0	0	0	0	0
K81433	CACTTC	1	0	0	0	0	1	0	0	0	0	0
K81433	CAGAAG	1	0	0	0	0	1	0	0	0	0	0
K81433	CCACAA	1	0	0	0	0	1	0	0	0	0	0
K81433	CCGATA	1	0	0	0	0	1	0	0	0	0	0
K81433	CGATTG	1	0	0	0	0	1	0	0	0	0	0
K81433	CGTCTA	1	0	0	0	0	1	0	0	0	0	0
K81433	CTAGAC	2	0	0	0	0	2	0	0	0	0	0
K81433	CTATCC	1	0	0	0	0	1	0	0	0	0	0
K81433	CTCATG	1	0	0	0	0	1	0	0	0	0	0
K81433	CTTCGA	1	0	0	0	0	1	0	0	0	0	0
K81433	GAATCC	1	0	0	0	0	1	0	0	0	0	0
K81433	GACAAC	2	0	0	0	0	2	0	0	0	0	0
K81433	GAGTGA	1	0	0	0	0	1	0	0	0	0	0
K81433	GAGTTG	1	0	0	0	0	1	0	0	0	0	0
K81433	GATCTG	1	0	0	0	0	1	0	0	0	0	0
K81433	GGTAAC	2	0	0	0	0	2	0	0	0	0	0
K81433	GTACAG	2	0	0	0	0	2	0	0	0	0	0
K81433	GTCTCA	1	0	0	0	0	1	0	0	0	0	0
K81433	GTGAAG	1	0	0	0	0	1	0	0	0	0	0
K81433	GTGACA	1	0	0	0	0	1	0	0	0	0	0
K81433	GTGATC	1	0	0	0	0	1	0	0	0	0	0
K81433	TAACGG	1	0	0	0	0	1	0	0	0	0	0
K81433	TCACAG	1	0	0	0	0	1	0	0	0	0	0
K81433	TCCGAA	1	0	0	0	0	1	0	0	0	0	0
K81433	TCTTGC	2	0	0	0	0	2	0	0	0	0	0
K81433	TGCAGA	1	0	0	0	0	1	0	0	0	0	0
K81433	TGGTGA	1	0	0	0	0	1	0	0	0	0	0
K81433	TGTCGA	1	0	0	0	0	1	0	0	0	0	0
K81433	TGTCTG	1	0	0	0	0	1	0	0	0	0	0
K81433	TTCCAG	3	0	0	0	0	3	0	0	0	0	0
K81434	AACTGG	1	0	0	0	0	1	0	0	0	0	0
K81434	AGTAGG	2	0	0	0	0	2	0	0	0	0	0
K81434	ATCCGA	1	0	0	0	0	1	0	0	0	0	0
K81434	ATGACC	1	0	0	0	0	1	0	0	0	0	0
K81434	CAATGC	2	0	0	0	0	2	0	0	0	0	0
K81434	CCAGTA	1	0	0	0	0	1	0	0	0	0	0
K81434	CCGTAA	3	0	0	0	0	3	0	0	0	0	0
K81434	CCTACA	1	0	0	0	0	1	0	0	0	0	0
K81434	CGAACA	1	0	0	0	0	1	0	0	0	0	0
K81434	CGTAAG	1	0	0	0	0	1	0	0	0	0	0
K81434	CGTTAC	2	0	0	0	0	2	0	0	0	0	0
K81434	CTCGAA	1	0	0	0	0	1	0	0	0	0	0
K81434	GAGGTA	1	0	0	0	0	1	0	0	0	0	0
K81434	GCATGA	2	0	0	0	0	2	0	0	0	0	0
K81434	GCCATA	2	0	0	0	0	2	0	0	0	0	0
K81434	GCGTTA	2	0	0	0	0	2	0	0	0	0	0
K81434	GCTCTA	1	0	0	0	0	1	0	0	0	0	0
K81434	GGCTTA	1	0	0	0	0	1	0	0	0	0	0
K81434	GGTAGA	1	0	0	0	0	1	0	0	0	0	0
K81434	GGTATG	2	0	0	0	0	2	0	0	0	0	0
K81434	TAGCTC	2	0	0	0	0	2	0	0	0	0	0
K81434	TATCCG	1	0	0	0	0	1	0	0	0	0	0
K81434	TTGCGA	1	0	0	0	0	1	0	0	0	0	0
K81434	TTGGAG	1	0	0	0	0	1	0	0	0	0	0
K81434	TTGGCA	1	0	0	0	0	1	0	0	0	0	0
K81434	TTGGTC	1	0	0	0	0	1	0	0	0	0	0
K81441	AACGAG	1	0	0	0	0	1	0	0	0	0	0
K81441	AAGCCA	1	0	0	0	0	1	0	0	0	0	0
K81441	ACAGTG	2	0	0	0	0	2	0	0	0	0	0
K81441	ACCATG	1	0	0	0	0	1	0	0	0	0	0
K81441	ACGTTG	1	0	0	0	0	1	0	0	0	0	0
K81441	ACTCGA	1	0	0	1	1	0	0	0	0	1	0
K81441	AGACTC	2	0	0	0	0	2	0	0	0	0	0
K81441	AGCTAG	2	0	0	0	0	2	0	0	0	0	0
K81441	AGCTCA	2	0	0	0	0	2	0	0	0	0	0
K81441	AGGAAG	1	0	0	0	0	1	0	0	0	0	0
K81441	AGGATC	2	0	0	0	0	2	0	0	0	0	0
K81441	AGTGCA	3	0	0	0	0	3	0	0	0	0	0
K81441	ATTGCG	1	0	0	0	0	1	0	0	0	0	0
K81441	CACTCA	1	0	0	0	0	1	0	0	0	0	0
K81441	CACTTC	1	0	0	0	0	1	0	0	0	0	0
K81441	CCACAA	1	0	0	0	0	1	0	0	0	0	0
K81441	CGAACA	1	0	0	0	0	1	0	0	0	0	0
K81441	CTAGGA	2	0	0	0	0	2	0	0	0	0	0
K81441	CTAGTG	2	0	0	0	0	2	0	0	0	0	0
K81441	GAAGAC	1	0	0	0	0	1	0	0	0	0	0
K81441	GAAGGA	3	0	0	0	0	3	0	0	0	0	0
K81441	GAGTGA	1	0	0	0	0	1	0	0	0	0	0
K81441	GAGTTG	1	0	0	0	0	1	0	0	0	0	0
K81441	GCAACA	1	0	0	0	0	1	0	0	0	0	0
K81441	GTACTC	1	0	0	0	0	1	0	0	0	0	0
K81441	GTATGC	1	0	0	0	0	1	0	0	0	0	0
K81441	GTCTCA	1	0	0	0	0	1	0	0	0	0	0
K81441	GTGAAG	2	0	0	0	0	2	0	0	0	0	0
K81441	TAACGG	2	0	0	0	0	2	0	0	0	0	0
K81441	TAGGAC	1	0	0	0	0	1	0	0	0	0	0
K81441	TAGTGG	1	0	0	0	0	1	0	0	0	0	0
K81441	TCCGAA	1	0	0	0	0	1	0	0	0	0	0
K81441	TCTTGC	1	0	0	0	0	1	0	0	0	0	0
K81441	TGAACC	2	0	0	0	0	2	0	0	0	0	0
K81441	TGCAGA	1	0	0	0	0	1	0	0	0	0	0
K81441	TGTCTG	1	0	0	1	1	0	0	0	0	1	0
K81441	TTCTCG	2	0	0	0	0	2	0	0	0	0	0
K81442	AACTGG	1	0	0	0	0	1	0	0	0	0	0
K81442	AAGGTG	1	0	0	0	0	1	0	0	0	0	0
K81442	ACAGAC	1	0	0	0	0	1	0	0	0	0	0
K81442	AGCGAA	1	0	0	0	0	1	0	0	0	0	0
K81442	AGGCTA	1	0	0	0	0	1	0	0	0	0	0
K81442	ATCCGA	1	0	0	0	0	1	0	0	0	0	0
K81442	ATGGAC	1	0	0	0	0	1	0	0	0	0	0
K81442	CAGGAA	1	0	0	0	0	1	0	0	0	0	0
K81442	CATTGG	2	0	0	0	0	2	0	0	0	0	0
K81442	CCAATC	1	0	0	0	0	1	0	0	0	0	0
K81442	CCATAG	1	0	0	0	0	1	0	0	0	0	0
K81442	CGCATA	2	0	0	0	0	2	0	0	0	0	0
K81442	CGTTAC	3	0	0	0	0	3	0	0	0	0	0
K81442	CTGCTA	2	0	0	0	0	2	0	0	0	0	0
K81442	GAGCAA	2	0	0	0	0	2	0	0	0	0	0
K81442	GAGGTA	1	0	0	0	0	1	0	0	0	0	0
K81442	GCAATG	1	0	0	0	0	1	0	0	0	0	0
K81442	GCAGAA	1	0	0	0	0	1	0	0	0	0	0
K81442	GCCATA	2	0	0	0	0	2	0	0	0	0	0
K81442	GGCTTA	1	0	0	0	0	1	0	0	0	0	0
K81442	GTAACC	1	0	0	0	0	1	0	0	0	0	0
K81442	GTATGC	0	0	1	0	0	0	0	0	1	0	0
K81442	GTTAGG	1	0	0	0	0	1	0	0	0	0	0
K81442	TACCGA	1	0	0	0	0	1	0	0	0	0	0
K81442	TGTAGC	1	0	0	0	0	1	0	0	0	0	0
K81442	TGTTGG	1	0	0	0	0	1	0	0	0	0	0
K81443	AACCTC	1	0	0	0	0	1	0	0	0	0	0
K81443	ACAGAC	1	0	0	0	0	1	0	0	0	0	0
K81443	ACAGGA	1	0	0	0	0	1	0	0	0	0	0
K81443	ACAGTG	1	0	0	0	0	1	0	0	0	0	0
K81443	ACCAGA	1	0	0	0	0	1	0	0	0	0	0
K81443	ACGTTG	3	0	0	0	0	3	0	0	0	0	0
K81443	AGACAG	1	0	0	0	0	1	0	0	0	0	0
K81443	AGCTCA	1	0	0	0	0	1	0	0	0	0	0
K81443	AGGATC	1	0	0	0	0	1	0	0	0	0	0
K81443	AGTAGG	1	0	0	0	0	1	0	0	0	0	0
K81443	ATCAGC	1	0	0	0	0	1	0	0	0	0	0
K81443	CACTTC	3	0	0	0	0	3	0	0	0	0	0
K81443	CAGAAG	1	0	0	1	1	0	0	0	0	1	0
K81443	CCATAG	1	0	0	0	0	1	0	0	0	0	0
K81443	CGTCTA	1	0	0	0	0	1	0	0	0	0	0
K81443	CTAAGC	1	0	0	0	0	1	0	0	0	0	0
K81443	CTATCC	2	0	0	0	0	2	0	0	0	0	0
K81443	GAAGAC	2	0	0	0	0	2	0	0	0	0	0
K81443	GAAGGA	1	0	0	0	0	1	0	0	0	0	0
K81443	GACAGA	3	0	0	0	0	3	0	0	0	0	0
K81443	GAGTGA	2	0	0	0	0	2	0	0	0	0	0
K81443	GCTAAG	1	0	0	0	0	1	0	0	0	0	0
K81443	GTACCA	2	0	0	0	0	2	0	0	0	0	0
K81443	GTGAAG	2	0	0	0	0	2	0	0	0	0	0
K81443	GTGACA	1	0	0	0	0	1	0	0	0	0	0
K81443	TAGTGG	2	0	0	0	0	2	0	0	0	0	0
K81443	TGAACC	1	0	0	0	0	1	0	0	0	0	0
K81443	TGAAGG	1	0	0	0	0	1	0	0	0	0	0
K81443	TGCAAC	1	0	0	0	0	1	0	0	0	0	0
K81443	TGCAGA	1	0	0	0	0	1	0	0	0	0	0
K81443	TGGTTG	1	0	0	0	0	1	0	0	0	0	0
K81443	TGTCTG	0	1	0	0	0	0	0	1	0	0	0
K81444	AACACC	1	0	0	0	0	1	0	0	0	0	0
K81444	AGAACG	1	0	0	0	0	1	0	0	0	0	0
K81444	AGATGC	1	0	0	0	0	1	0	0	0	0	0
K81444	AGGCTA	1	0	0	0	0	1	0	0	0	0	0
K81444	ATCAGC	1	0	0	0	0	1	0	0	0	0	0
K81444	ATCCAC	1	0	0	0	0	1	0	0	0	0	0
K81444	ATCGCA	1	0	0	0	0	1	0	0	0	0	0
K81444	ATGACC	1	0	0	0	0	1	0	0	0	0	0
K81444	CATTGG	1	0	0	0	0	1	0	0	0	0	0
K81444	CCATCA	1	0	0	0	0	1	0	0	0	0	0
K81444	CCGATA	2	0	0	1	1	1	0	0	0	1	0
K81444	CCGTAA	1	0	0	0	0	1	0	0	0	0	0
K81444	CGAACA	1	0	0	0	0	1	0	0	0	0	0
K81444	CGTAAG	2	0	0	0	0	2	0	0	0	0	0
K81444	CTGCTA	3	0	0	0	0	3	0	0	0	0	0
K81444	GAGCAA	1	0	0	0	0	1	0	0	0	0	0
K81444	GATTGC	3	0	0	0	0	3	0	0	0	0	0
K81444	GCAATG	1	0	0	0	0	1	0	0	0	0	0
K81444	GCGTTA	1	0	0	0	0	1	0	0	0	0	0
K81444	GCTCTA	2	0	0	0	0	2	0	0	0	0	0
K81444	GCTTAC	1	0	0	0	0	1	0	0	0	0	0
K81444	GCTTCA	2	0	0	0	0	2	0	0	0	0	0
K81444	GGATAC	1	0	0	0	0	1	0	0	0	0	0
K81444	GGTGTA	1	0	0	0	0	1	0	0	0	0	0
K81444	TACCAC	1	0	0	0	0	1	0	0	0	0	0
K81444	TACCGA	2	0	0	0	0	2	0	0	0	0	0
K81444	TATCCG	1	0	0	0	0	1	0	0	0	0	0
K81444	TCAACG	1	0	0	0	0	1	0	0	0	0	0
K81444	TGTTCC	2	0	0	0	0	2	0	0	0	0	0
K81444	TGTTGG	2	0	0	0	0	2	0	0	0	0	0
K81444	TTACGC	1	0	0	0	0	1	0	0	0	0	0
K81444	TTCGAC	2	0	0	0	0	2	0	0	0	0	0
K81444	TTGGAG	1	0	0	0	0	1	0	0	0	0	0
K81444	TTGGCA	1	0	0	0	0	1	0	0	0	0	0
